-- Sprint C seed SQL — generated by scripts/render_seed_sprint_c.py
-- DO NOT EDIT MANUALLY — regenerate with: python3 scripts/render_seed_sprint_c.py

BEGIN;

CREATE SCHEMA IF NOT EXISTS skolske_obvody;

-- Municipalities
INSERT INTO skolske_obvody.municipalities (id, name, slug) VALUES
  ('88fb2fb4-6feb-5e12-be53-64cc5c82e67d', 'Prešov', 'presov'),
  ('290c61a8-6e14-5019-a673-e7cddf39da18', 'Košice', 'kosice')
ON CONFLICT (id) DO UPDATE SET slug = EXCLUDED.slug, name = EXCLUDED.name;

-- Schools (one per district)
INSERT INTO skolske_obvody.schools (id, name, type, student_count, teaching_language, geom)
VALUES
  ('220de856-bee9-573a-b019-112c225f8762', 'ZŠ Obvod ZŠ Bajkalská', 'zs', 200, 'sk', NULL),
  ('84a4ad54-a1a1-5343-9711-204f32e0798c', 'ZŠ Obvod ZŠ Bajzova', 'zs', 200, 'sk', NULL),
  ('c9c1f67f-3580-5a16-84bb-3680353b9b97', 'ZŠ Obvod ZŠ Budovateľská', 'zs', 200, 'sk', NULL),
  ('fc64d398-cb3d-51db-8d9b-3b2f123a4310', 'ZŠ Obvod ZŠ Curie', 'zs', 200, 'sk', NULL),
  ('fca1765c-d347-5262-bb40-e3cfb3ed8b33', 'ZŠ Obvod ZŠ Francisciho', 'zs', 200, 'sk', NULL),
  ('c420a7ba-b7a5-5d6f-b571-95a67d9eb1c8', 'ZŠ Obvod ZŠ Fučíkova', 'zs', 200, 'sk', NULL),
  ('55e2b8f9-5987-5668-b9a1-4455041525d0', 'ZŠ Obvod ZŠ Holého', 'zs', 200, 'sk', NULL),
  ('1c06ef2b-e4af-5f79-bd17-06edd28b46db', 'ZŠ Obvod ZŠ Kúpeľná', 'zs', 200, 'sk', NULL),
  ('24bdc862-b7c6-5615-ba87-e377d438dd30', 'ZŠ Obvod ZŠ Lesnícka', 'zs', 200, 'sk', NULL),
  ('a0d31e7d-2b16-5136-bd02-1da4b3da87ff', 'ZŠ Obvod ZŠ Obrancov mieru', 'zs', 200, 'sk', NULL),
  ('526b246b-3cbb-5ccf-af73-847dd26a96ae', 'ZŠ Obvod ZŠ Prostějovská', 'zs', 200, 'sk', NULL),
  ('4c3cf8b5-c49b-5989-a4b1-cc25fc10d12d', 'ZŠ Obvod ZŠ Šrobárova', 'zs', 200, 'sk', NULL),
  ('39123245-8cee-53cd-9ba9-da73fef92def', 'ZŠ synth_all_pass', 'zs', 200, 'sk', NULL),
  ('501a5944-4615-5ce2-9502-7acc72a86b9f', 'ZŠ synth_s1_fail', 'zs', 200, 'sk', NULL),
  ('c41fe5f1-f631-5c3d-aaef-eaf4a593ac29', 'ZŠ synth_s2_incomplete', 'zs', 200, 'sk', NULL),
  ('e833117e-5b69-5720-8781-a02eba6580a3', 'ZŠ synth_s3_fail', 'zs', 200, 'sk', NULL),
  ('93ccb89d-33db-51c0-bf01-1de829bcad56', 'ZŠ synth_pa_fail', 'zs', 200, 'sk', NULL),
  ('a01a7d62-8f76-5573-95dd-8c1c68221abf', 'ZŠ synth_pc_risk', 'zs', 200, 'sk', NULL),
  ('7e3a23ef-0a16-5da7-ad70-587b8748494a', 'ZŠ synth_pc_risk_illustrative', 'zs', 200, 'sk', NULL),
  ('d6221c80-6396-5dfb-9f53-b02c99baf1a6', 'ZŠ synth_pe_signal_only', 'zs', 200, 'sk', NULL),
  ('4545f00e-aada-556c-a1e7-f9a791d38a4b', 'ZŠ synth_empty', 'zs', 200, 'sk', NULL),
  ('cb81b3b8-00d7-51b1-a177-10ed9fbd2908', 'ZŠ synth_pa_insufficient', 'zs', 200, 'sk', NULL),
  ('f4a5b34f-25c2-557e-9359-4b952906ed71', 'ZŠ Košice seed', 'zs', 150, 'sk', NULL)
ON CONFLICT (id) DO NOTHING;

-- Districts (Prešov)
INSERT INTO skolske_obvody.districts (id, name, municipality_id, school_id, geometry_confidence, geom)
VALUES
  ('09c36255-5f36-5d04-94cc-65eb6cc648ed', 'Obvod ZŠ Bajkalská', '88fb2fb4-6feb-5e12-be53-64cc5c82e67d', '220de856-bee9-573a-b019-112c225f8762', 'estimated', NULL),
  ('9e03d391-cd6c-5902-b41f-dc17883910aa', 'Obvod ZŠ Bajzova', '88fb2fb4-6feb-5e12-be53-64cc5c82e67d', '84a4ad54-a1a1-5343-9711-204f32e0798c', 'estimated', NULL),
  ('f24f8a53-ba8c-5f8e-ae9f-e71dd0ff7468', 'Obvod ZŠ Budovateľská', '88fb2fb4-6feb-5e12-be53-64cc5c82e67d', 'c9c1f67f-3580-5a16-84bb-3680353b9b97', 'estimated', NULL),
  ('ade01b72-cf3b-54a5-8666-8df3b46826cc', 'Obvod ZŠ Curie', '88fb2fb4-6feb-5e12-be53-64cc5c82e67d', 'fc64d398-cb3d-51db-8d9b-3b2f123a4310', 'estimated', NULL),
  ('fc009dc8-67a4-5634-beab-1ff45862c6c4', 'Obvod ZŠ Francisciho', '88fb2fb4-6feb-5e12-be53-64cc5c82e67d', 'fca1765c-d347-5262-bb40-e3cfb3ed8b33', 'estimated', NULL),
  ('2d2309b3-fbe6-58d5-94c6-da23a66f5541', 'Obvod ZŠ Fučíkova', '88fb2fb4-6feb-5e12-be53-64cc5c82e67d', 'c420a7ba-b7a5-5d6f-b571-95a67d9eb1c8', 'estimated', NULL),
  ('df30fd40-9ef7-51f1-810d-d6b29a0be3bc', 'Obvod ZŠ Holého', '88fb2fb4-6feb-5e12-be53-64cc5c82e67d', '55e2b8f9-5987-5668-b9a1-4455041525d0', 'estimated', NULL),
  ('0872fabe-c277-54ad-a6d9-1852ed402043', 'Obvod ZŠ Kúpeľná', '88fb2fb4-6feb-5e12-be53-64cc5c82e67d', '1c06ef2b-e4af-5f79-bd17-06edd28b46db', 'estimated', NULL),
  ('59676613-00e1-5b25-a9b1-7808e26873a8', 'Obvod ZŠ Lesnícka', '88fb2fb4-6feb-5e12-be53-64cc5c82e67d', '24bdc862-b7c6-5615-ba87-e377d438dd30', 'estimated', NULL),
  ('4c93d7ef-2ead-5a1f-94ab-f1dfaf2ab33e', 'Obvod ZŠ Obrancov mieru', '88fb2fb4-6feb-5e12-be53-64cc5c82e67d', 'a0d31e7d-2b16-5136-bd02-1da4b3da87ff', 'estimated', NULL),
  ('9c8f6de2-c553-5965-9423-df0888207a68', 'Obvod ZŠ Prostějovská', '88fb2fb4-6feb-5e12-be53-64cc5c82e67d', '526b246b-3cbb-5ccf-af73-847dd26a96ae', 'estimated', NULL),
  ('a0864f32-4cc5-549d-94ff-0aa92981c82d', 'Obvod ZŠ Šrobárova', '88fb2fb4-6feb-5e12-be53-64cc5c82e67d', '4c3cf8b5-c49b-5989-a4b1-cc25fc10d12d', 'estimated', NULL),
  ('fd1db26b-42e1-5c2a-891f-cc9cb53e41f1', 'synth_all_pass', '88fb2fb4-6feb-5e12-be53-64cc5c82e67d', '39123245-8cee-53cd-9ba9-da73fef92def', 'estimated', NULL),
  ('eea8eafb-32b2-5414-b913-296a3ffb4eae', 'synth_s1_fail', '88fb2fb4-6feb-5e12-be53-64cc5c82e67d', '501a5944-4615-5ce2-9502-7acc72a86b9f', 'estimated', NULL),
  ('a3fcb71d-9150-51ff-b28b-20fbbc989eb6', 'synth_s2_incomplete', '88fb2fb4-6feb-5e12-be53-64cc5c82e67d', 'c41fe5f1-f631-5c3d-aaef-eaf4a593ac29', 'estimated', NULL),
  ('3aaba3d9-a149-544d-991b-81a0d7488799', 'synth_s3_fail', '88fb2fb4-6feb-5e12-be53-64cc5c82e67d', 'e833117e-5b69-5720-8781-a02eba6580a3', 'estimated', NULL),
  ('55a1b75f-000d-5b14-81ac-9579aec8f067', 'synth_pa_fail', '88fb2fb4-6feb-5e12-be53-64cc5c82e67d', '93ccb89d-33db-51c0-bf01-1de829bcad56', 'estimated', NULL),
  ('f1e940c8-b6a2-5494-9aa3-cc64330fe3ce', 'synth_pc_risk', '88fb2fb4-6feb-5e12-be53-64cc5c82e67d', 'a01a7d62-8f76-5573-95dd-8c1c68221abf', 'estimated', NULL),
  ('ee4091f1-dbaf-557d-a161-3ae273f713e7', 'synth_pc_risk_illustrative', '88fb2fb4-6feb-5e12-be53-64cc5c82e67d', '7e3a23ef-0a16-5da7-ad70-587b8748494a', 'estimated', NULL),
  ('ec7bf512-508e-5310-b933-5e90343f42a6', 'synth_pe_signal_only', '88fb2fb4-6feb-5e12-be53-64cc5c82e67d', 'd6221c80-6396-5dfb-9f53-b02c99baf1a6', 'estimated', NULL),
  ('1e6ca3a9-a879-5c01-b6af-eae29e9ac307', 'synth_empty', '88fb2fb4-6feb-5e12-be53-64cc5c82e67d', '4545f00e-aada-556c-a1e7-f9a791d38a4b', 'estimated', NULL),
  ('b4399e84-d543-5129-9751-3589d4e12f12', 'synth_pa_insufficient', '88fb2fb4-6feb-5e12-be53-64cc5c82e67d', 'cb81b3b8-00d7-51b1-a177-10ed9fbd2908', 'estimated', NULL)
ON CONFLICT (id) DO NOTHING;

-- Košice district (scope isolation canary)
INSERT INTO skolske_obvody.districts (id, name, municipality_id, school_id, geometry_confidence, geom) VALUES
  ('6cdd3f30-7446-5b7e-8738-cfc760d56277', 'Košice canary district', '290c61a8-6e14-5019-a673-e7cddf39da18', 'f4a5b34f-25c2-557e-9359-4b952906ed71', 'estimated', NULL)
ON CONFLICT (id) DO NOTHING;

-- Verdicts (Prešov districts)
INSERT INTO skolske_obvody.verdicts (
  id, district_id, condition_code, value, confidence, data_completeness,
  provenance, methodology, is_illustrative, is_proxy, is_mock,
  dataset_version, methodology_version, engine_version, computed_at,
  evidence_text, evidence_refs
) VALUES (
  'b64b352c-2686-5e1e-9caf-7a0319839bf9', 'fd1db26b-42e1-5c2a-891f-cc9cb53e41f1', 'S1', 'PASS',
  0.8, 0.9,
  '{"source": "https://slov-lex.sk/pravne-predpisy/SK/ZZ/2003/596", "fetched_at": "2026-06-24T10:00:00Z"}'::jsonb,
  '{"rule": "S1 methodology rule"}'::jsonb,
  FALSE, FALSE, FALSE,
  'seed_sprint_c', '0.1', 'seed_sprint_c_v1',
  NOW(),
  $seed$Toto je čistý dôkaz bez citlivých údajov.$seed$,
  '[]'::jsonb
) ON CONFLICT (district_id, condition_code, engine_version)
DO UPDATE SET value = EXCLUDED.value, evidence_text = EXCLUDED.evidence_text;
INSERT INTO skolske_obvody.verdicts (
  id, district_id, condition_code, value, confidence, data_completeness,
  provenance, methodology, is_illustrative, is_proxy, is_mock,
  dataset_version, methodology_version, engine_version, computed_at,
  evidence_text, evidence_refs
) VALUES (
  '5873f056-64e0-5979-bfb1-841b17058500', 'fd1db26b-42e1-5c2a-891f-cc9cb53e41f1', 'S2', 'PASS',
  0.8, 0.9,
  '{"source": "https://slov-lex.sk/pravne-predpisy/SK/ZZ/2003/596", "fetched_at": "2026-06-24T10:00:00Z"}'::jsonb,
  '{"rule": "S2 methodology rule"}'::jsonb,
  FALSE, FALSE, FALSE,
  'seed_sprint_c', '0.1', 'seed_sprint_c_v1',
  NOW(),
  $seed$Toto je čistý dôkaz bez citlivých údajov.$seed$,
  '[]'::jsonb
) ON CONFLICT (district_id, condition_code, engine_version)
DO UPDATE SET value = EXCLUDED.value, evidence_text = EXCLUDED.evidence_text;
INSERT INTO skolske_obvody.verdicts (
  id, district_id, condition_code, value, confidence, data_completeness,
  provenance, methodology, is_illustrative, is_proxy, is_mock,
  dataset_version, methodology_version, engine_version, computed_at,
  evidence_text, evidence_refs
) VALUES (
  '30bfe4c1-0479-5123-bca8-ac84dffa4936', 'fd1db26b-42e1-5c2a-891f-cc9cb53e41f1', 'S3', 'PASS',
  0.8, 0.9,
  '{"source": "https://slov-lex.sk/pravne-predpisy/SK/ZZ/2003/596", "fetched_at": "2026-06-24T10:00:00Z"}'::jsonb,
  '{"rule": "S3 methodology rule"}'::jsonb,
  FALSE, FALSE, FALSE,
  'seed_sprint_c', '0.1', 'seed_sprint_c_v1',
  NOW(),
  $seed$Toto je čistý dôkaz bez citlivých údajov.$seed$,
  '[]'::jsonb
) ON CONFLICT (district_id, condition_code, engine_version)
DO UPDATE SET value = EXCLUDED.value, evidence_text = EXCLUDED.evidence_text;
INSERT INTO skolske_obvody.verdicts (
  id, district_id, condition_code, value, confidence, data_completeness,
  provenance, methodology, is_illustrative, is_proxy, is_mock,
  dataset_version, methodology_version, engine_version, computed_at,
  evidence_text, evidence_refs
) VALUES (
  'f9270a25-e829-5e42-999c-b8668902dfaa', 'fd1db26b-42e1-5c2a-891f-cc9cb53e41f1', 'Pa', 'PASS',
  0.8, 0.9,
  '{"source": "https://slov-lex.sk/pravne-predpisy/SK/ZZ/2003/596", "fetched_at": "2026-06-24T10:00:00Z"}'::jsonb,
  '{"rule": "Pa methodology rule"}'::jsonb,
  FALSE, FALSE, FALSE,
  'seed_sprint_c', '0.1', 'seed_sprint_c_v1',
  NOW(),
  $seed$Toto je čistý dôkaz bez citlivých údajov.$seed$,
  '[]'::jsonb
) ON CONFLICT (district_id, condition_code, engine_version)
DO UPDATE SET value = EXCLUDED.value, evidence_text = EXCLUDED.evidence_text;
INSERT INTO skolske_obvody.verdicts (
  id, district_id, condition_code, value, confidence, data_completeness,
  provenance, methodology, is_illustrative, is_proxy, is_mock,
  dataset_version, methodology_version, engine_version, computed_at,
  evidence_text, evidence_refs
) VALUES (
  '3e153740-57bf-5c7c-82a4-4378f585aa8e', 'fd1db26b-42e1-5c2a-891f-cc9cb53e41f1', 'Pb', 'PASS',
  0.8, 0.9,
  '{"source": "https://slov-lex.sk/pravne-predpisy/SK/ZZ/2003/596", "fetched_at": "2026-06-24T10:00:00Z"}'::jsonb,
  '{"rule": "Pb methodology rule"}'::jsonb,
  FALSE, FALSE, FALSE,
  'seed_sprint_c', '0.1', 'seed_sprint_c_v1',
  NOW(),
  $seed$Toto je čistý dôkaz bez citlivých údajov.$seed$,
  '[]'::jsonb
) ON CONFLICT (district_id, condition_code, engine_version)
DO UPDATE SET value = EXCLUDED.value, evidence_text = EXCLUDED.evidence_text;
INSERT INTO skolske_obvody.verdicts (
  id, district_id, condition_code, value, confidence, data_completeness,
  provenance, methodology, is_illustrative, is_proxy, is_mock,
  dataset_version, methodology_version, engine_version, computed_at,
  evidence_text, evidence_refs
) VALUES (
  '15410bae-9e76-5d14-b396-fbdd69a7f555', 'fd1db26b-42e1-5c2a-891f-cc9cb53e41f1', 'Pc', 'PASS',
  0.8, 0.9,
  '{"source": "https://slov-lex.sk/pravne-predpisy/SK/ZZ/2003/596", "fetched_at": "2026-06-24T10:00:00Z"}'::jsonb,
  '{"rule": "Pc methodology rule"}'::jsonb,
  FALSE, FALSE, FALSE,
  'seed_sprint_c', '0.1', 'seed_sprint_c_v1',
  NOW(),
  $seed$Toto je čistý dôkaz bez citlivých údajov.$seed$,
  '[]'::jsonb
) ON CONFLICT (district_id, condition_code, engine_version)
DO UPDATE SET value = EXCLUDED.value, evidence_text = EXCLUDED.evidence_text;
INSERT INTO skolske_obvody.verdicts (
  id, district_id, condition_code, value, confidence, data_completeness,
  provenance, methodology, is_illustrative, is_proxy, is_mock,
  dataset_version, methodology_version, engine_version, computed_at,
  evidence_text, evidence_refs
) VALUES (
  '8f76d1b7-8bff-50ab-9763-88589942fd57', 'fd1db26b-42e1-5c2a-891f-cc9cb53e41f1', 'Pd', 'PASS',
  0.8, 0.9,
  '{"source": "https://slov-lex.sk/pravne-predpisy/SK/ZZ/2003/596", "fetched_at": "2026-06-24T10:00:00Z"}'::jsonb,
  '{"rule": "Pd methodology rule"}'::jsonb,
  FALSE, FALSE, FALSE,
  'seed_sprint_c', '0.1', 'seed_sprint_c_v1',
  NOW(),
  $seed$Toto je čistý dôkaz bez citlivých údajov.$seed$,
  '[]'::jsonb
) ON CONFLICT (district_id, condition_code, engine_version)
DO UPDATE SET value = EXCLUDED.value, evidence_text = EXCLUDED.evidence_text;
INSERT INTO skolske_obvody.verdicts (
  id, district_id, condition_code, value, confidence, data_completeness,
  provenance, methodology, is_illustrative, is_proxy, is_mock,
  dataset_version, methodology_version, engine_version, computed_at,
  evidence_text, evidence_refs
) VALUES (
  'add3feaf-29ce-51d2-b93e-2b623e334695', 'fd1db26b-42e1-5c2a-891f-cc9cb53e41f1', 'Pe', 'PASS',
  0.8, 0.9,
  '{"source": "https://slov-lex.sk/pravne-predpisy/SK/ZZ/2003/596", "fetched_at": "2026-06-24T10:00:00Z"}'::jsonb,
  '{"rule": "Pe methodology rule"}'::jsonb,
  FALSE, FALSE, FALSE,
  'seed_sprint_c', '0.1', 'seed_sprint_c_v1',
  NOW(),
  $seed$Toto je čistý dôkaz bez citlivých údajov.$seed$,
  '[]'::jsonb
) ON CONFLICT (district_id, condition_code, engine_version)
DO UPDATE SET value = EXCLUDED.value, evidence_text = EXCLUDED.evidence_text;
INSERT INTO skolske_obvody.verdicts (
  id, district_id, condition_code, value, confidence, data_completeness,
  provenance, methodology, is_illustrative, is_proxy, is_mock,
  dataset_version, methodology_version, engine_version, computed_at,
  evidence_text, evidence_refs
) VALUES (
  'a769938c-870a-5c43-a0ee-862bf2387c72', 'fd1db26b-42e1-5c2a-891f-cc9cb53e41f1', 'Pf', 'PASS',
  0.8, 0.9,
  '{"source": "https://slov-lex.sk/pravne-predpisy/SK/ZZ/2003/596", "fetched_at": "2026-06-24T10:00:00Z"}'::jsonb,
  '{"rule": "Pf methodology rule"}'::jsonb,
  FALSE, FALSE, FALSE,
  'seed_sprint_c', '0.1', 'seed_sprint_c_v1',
  NOW(),
  $seed$Toto je čistý dôkaz bez citlivých údajov.$seed$,
  '[]'::jsonb
) ON CONFLICT (district_id, condition_code, engine_version)
DO UPDATE SET value = EXCLUDED.value, evidence_text = EXCLUDED.evidence_text;
INSERT INTO skolske_obvody.verdicts (
  id, district_id, condition_code, value, confidence, data_completeness,
  provenance, methodology, is_illustrative, is_proxy, is_mock,
  dataset_version, methodology_version, engine_version, computed_at,
  evidence_text, evidence_refs
) VALUES (
  '9339ec47-ae3a-5f1a-9dbd-a54da12d5269', 'eea8eafb-32b2-5414-b913-296a3ffb4eae', 'S1', 'FAIL',
  0.8, 0.9,
  '{"source": "https://slov-lex.sk/pravne-predpisy/SK/ZZ/2003/596", "fetched_at": "2026-06-24T10:00:00Z"}'::jsonb,
  '{"rule": "S1 methodology rule"}'::jsonb,
  FALSE, FALSE, FALSE,
  'seed_sprint_c', '0.1', 'seed_sprint_c_v1',
  NOW(),
  $seed$Toto je čistý dôkaz bez citlivých údajov.$seed$,
  '[]'::jsonb
) ON CONFLICT (district_id, condition_code, engine_version)
DO UPDATE SET value = EXCLUDED.value, evidence_text = EXCLUDED.evidence_text;
INSERT INTO skolske_obvody.verdicts (
  id, district_id, condition_code, value, confidence, data_completeness,
  provenance, methodology, is_illustrative, is_proxy, is_mock,
  dataset_version, methodology_version, engine_version, computed_at,
  evidence_text, evidence_refs
) VALUES (
  '43699abc-2616-507b-996f-c921ef462372', 'eea8eafb-32b2-5414-b913-296a3ffb4eae', 'S2', 'PASS',
  0.8, 0.9,
  '{"source": "https://slov-lex.sk/pravne-predpisy/SK/ZZ/2003/596", "fetched_at": "2026-06-24T10:00:00Z"}'::jsonb,
  '{"rule": "S2 methodology rule"}'::jsonb,
  FALSE, FALSE, FALSE,
  'seed_sprint_c', '0.1', 'seed_sprint_c_v1',
  NOW(),
  $seed$Toto je čistý dôkaz bez citlivých údajov.$seed$,
  '[]'::jsonb
) ON CONFLICT (district_id, condition_code, engine_version)
DO UPDATE SET value = EXCLUDED.value, evidence_text = EXCLUDED.evidence_text;
INSERT INTO skolske_obvody.verdicts (
  id, district_id, condition_code, value, confidence, data_completeness,
  provenance, methodology, is_illustrative, is_proxy, is_mock,
  dataset_version, methodology_version, engine_version, computed_at,
  evidence_text, evidence_refs
) VALUES (
  '7d1220cc-bdea-5c83-8d1c-be3b89e9f1de', 'eea8eafb-32b2-5414-b913-296a3ffb4eae', 'S3', 'PASS',
  0.8, 0.9,
  '{"source": "https://slov-lex.sk/pravne-predpisy/SK/ZZ/2003/596", "fetched_at": "2026-06-24T10:00:00Z"}'::jsonb,
  '{"rule": "S3 methodology rule"}'::jsonb,
  FALSE, FALSE, FALSE,
  'seed_sprint_c', '0.1', 'seed_sprint_c_v1',
  NOW(),
  $seed$Toto je čistý dôkaz bez citlivých údajov.$seed$,
  '[]'::jsonb
) ON CONFLICT (district_id, condition_code, engine_version)
DO UPDATE SET value = EXCLUDED.value, evidence_text = EXCLUDED.evidence_text;
INSERT INTO skolske_obvody.verdicts (
  id, district_id, condition_code, value, confidence, data_completeness,
  provenance, methodology, is_illustrative, is_proxy, is_mock,
  dataset_version, methodology_version, engine_version, computed_at,
  evidence_text, evidence_refs
) VALUES (
  '3138c27b-5fb6-5d57-85c7-3df1c7ab2824', 'eea8eafb-32b2-5414-b913-296a3ffb4eae', 'Pa', 'PASS',
  0.8, 0.9,
  '{"source": "https://slov-lex.sk/pravne-predpisy/SK/ZZ/2003/596", "fetched_at": "2026-06-24T10:00:00Z"}'::jsonb,
  '{"rule": "Pa methodology rule"}'::jsonb,
  FALSE, FALSE, FALSE,
  'seed_sprint_c', '0.1', 'seed_sprint_c_v1',
  NOW(),
  $seed$Toto je čistý dôkaz bez citlivých údajov.$seed$,
  '[]'::jsonb
) ON CONFLICT (district_id, condition_code, engine_version)
DO UPDATE SET value = EXCLUDED.value, evidence_text = EXCLUDED.evidence_text;
INSERT INTO skolske_obvody.verdicts (
  id, district_id, condition_code, value, confidence, data_completeness,
  provenance, methodology, is_illustrative, is_proxy, is_mock,
  dataset_version, methodology_version, engine_version, computed_at,
  evidence_text, evidence_refs
) VALUES (
  '7398bb92-49c5-5702-bf9e-a8c768fbddea', 'eea8eafb-32b2-5414-b913-296a3ffb4eae', 'Pb', 'PASS',
  0.8, 0.9,
  '{"source": "https://slov-lex.sk/pravne-predpisy/SK/ZZ/2003/596", "fetched_at": "2026-06-24T10:00:00Z"}'::jsonb,
  '{"rule": "Pb methodology rule"}'::jsonb,
  FALSE, FALSE, FALSE,
  'seed_sprint_c', '0.1', 'seed_sprint_c_v1',
  NOW(),
  $seed$Toto je čistý dôkaz bez citlivých údajov.$seed$,
  '[]'::jsonb
) ON CONFLICT (district_id, condition_code, engine_version)
DO UPDATE SET value = EXCLUDED.value, evidence_text = EXCLUDED.evidence_text;
INSERT INTO skolske_obvody.verdicts (
  id, district_id, condition_code, value, confidence, data_completeness,
  provenance, methodology, is_illustrative, is_proxy, is_mock,
  dataset_version, methodology_version, engine_version, computed_at,
  evidence_text, evidence_refs
) VALUES (
  '332685ee-1b3c-5e01-8674-79ac8c6efa0f', 'eea8eafb-32b2-5414-b913-296a3ffb4eae', 'Pc', 'PASS',
  0.8, 0.9,
  '{"source": "https://slov-lex.sk/pravne-predpisy/SK/ZZ/2003/596", "fetched_at": "2026-06-24T10:00:00Z"}'::jsonb,
  '{"rule": "Pc methodology rule"}'::jsonb,
  FALSE, FALSE, FALSE,
  'seed_sprint_c', '0.1', 'seed_sprint_c_v1',
  NOW(),
  $seed$Toto je čistý dôkaz bez citlivých údajov.$seed$,
  '[]'::jsonb
) ON CONFLICT (district_id, condition_code, engine_version)
DO UPDATE SET value = EXCLUDED.value, evidence_text = EXCLUDED.evidence_text;
INSERT INTO skolske_obvody.verdicts (
  id, district_id, condition_code, value, confidence, data_completeness,
  provenance, methodology, is_illustrative, is_proxy, is_mock,
  dataset_version, methodology_version, engine_version, computed_at,
  evidence_text, evidence_refs
) VALUES (
  '62e65a47-e3fe-57c1-910f-540db78fb1fa', 'eea8eafb-32b2-5414-b913-296a3ffb4eae', 'Pd', 'PASS',
  0.8, 0.9,
  '{"source": "https://slov-lex.sk/pravne-predpisy/SK/ZZ/2003/596", "fetched_at": "2026-06-24T10:00:00Z"}'::jsonb,
  '{"rule": "Pd methodology rule"}'::jsonb,
  FALSE, FALSE, FALSE,
  'seed_sprint_c', '0.1', 'seed_sprint_c_v1',
  NOW(),
  $seed$Toto je čistý dôkaz bez citlivých údajov.$seed$,
  '[]'::jsonb
) ON CONFLICT (district_id, condition_code, engine_version)
DO UPDATE SET value = EXCLUDED.value, evidence_text = EXCLUDED.evidence_text;
INSERT INTO skolske_obvody.verdicts (
  id, district_id, condition_code, value, confidence, data_completeness,
  provenance, methodology, is_illustrative, is_proxy, is_mock,
  dataset_version, methodology_version, engine_version, computed_at,
  evidence_text, evidence_refs
) VALUES (
  'd8494136-e15d-527d-a293-438464d19680', 'eea8eafb-32b2-5414-b913-296a3ffb4eae', 'Pe', 'PASS',
  0.8, 0.9,
  '{"source": "https://slov-lex.sk/pravne-predpisy/SK/ZZ/2003/596", "fetched_at": "2026-06-24T10:00:00Z"}'::jsonb,
  '{"rule": "Pe methodology rule"}'::jsonb,
  FALSE, FALSE, FALSE,
  'seed_sprint_c', '0.1', 'seed_sprint_c_v1',
  NOW(),
  $seed$Toto je čistý dôkaz bez citlivých údajov.$seed$,
  '[]'::jsonb
) ON CONFLICT (district_id, condition_code, engine_version)
DO UPDATE SET value = EXCLUDED.value, evidence_text = EXCLUDED.evidence_text;
INSERT INTO skolske_obvody.verdicts (
  id, district_id, condition_code, value, confidence, data_completeness,
  provenance, methodology, is_illustrative, is_proxy, is_mock,
  dataset_version, methodology_version, engine_version, computed_at,
  evidence_text, evidence_refs
) VALUES (
  '8ed9507a-d2ed-55b8-adda-ce53c3e40c6b', 'eea8eafb-32b2-5414-b913-296a3ffb4eae', 'Pf', 'PASS',
  0.8, 0.9,
  '{"source": "https://slov-lex.sk/pravne-predpisy/SK/ZZ/2003/596", "fetched_at": "2026-06-24T10:00:00Z"}'::jsonb,
  '{"rule": "Pf methodology rule"}'::jsonb,
  FALSE, FALSE, FALSE,
  'seed_sprint_c', '0.1', 'seed_sprint_c_v1',
  NOW(),
  $seed$Toto je čistý dôkaz bez citlivých údajov.$seed$,
  '[]'::jsonb
) ON CONFLICT (district_id, condition_code, engine_version)
DO UPDATE SET value = EXCLUDED.value, evidence_text = EXCLUDED.evidence_text;
INSERT INTO skolske_obvody.verdicts (
  id, district_id, condition_code, value, confidence, data_completeness,
  provenance, methodology, is_illustrative, is_proxy, is_mock,
  dataset_version, methodology_version, engine_version, computed_at,
  evidence_text, evidence_refs
) VALUES (
  '73cc7dc1-e545-5638-9ca3-79ba443fbeb6', 'a3fcb71d-9150-51ff-b28b-20fbbc989eb6', 'S1', 'PASS',
  0.8, 0.9,
  '{"source": "https://slov-lex.sk/pravne-predpisy/SK/ZZ/2003/596", "fetched_at": "2026-06-24T10:00:00Z"}'::jsonb,
  '{"rule": "S1 methodology rule"}'::jsonb,
  FALSE, FALSE, FALSE,
  'seed_sprint_c', '0.1', 'seed_sprint_c_v1',
  NOW(),
  $seed$Toto je čistý dôkaz bez citlivých údajov.$seed$,
  '[]'::jsonb
) ON CONFLICT (district_id, condition_code, engine_version)
DO UPDATE SET value = EXCLUDED.value, evidence_text = EXCLUDED.evidence_text;
INSERT INTO skolske_obvody.verdicts (
  id, district_id, condition_code, value, confidence, data_completeness,
  provenance, methodology, is_illustrative, is_proxy, is_mock,
  dataset_version, methodology_version, engine_version, computed_at,
  evidence_text, evidence_refs
) VALUES (
  '2ec19851-f635-5684-8fad-dea1801c04b2', 'a3fcb71d-9150-51ff-b28b-20fbbc989eb6', 'S2', 'INCOMPLETE',
  0.8, 0.9,
  '{"source": "https://slov-lex.sk/pravne-predpisy/SK/ZZ/2003/596", "fetched_at": "2026-06-24T10:00:00Z"}'::jsonb,
  '{"rule": "S2 methodology rule"}'::jsonb,
  FALSE, FALSE, FALSE,
  'seed_sprint_c', '0.1', 'seed_sprint_c_v1',
  NOW(),
  $seed$Toto je čistý dôkaz bez citlivých údajov.$seed$,
  '[]'::jsonb
) ON CONFLICT (district_id, condition_code, engine_version)
DO UPDATE SET value = EXCLUDED.value, evidence_text = EXCLUDED.evidence_text;
INSERT INTO skolske_obvody.verdicts (
  id, district_id, condition_code, value, confidence, data_completeness,
  provenance, methodology, is_illustrative, is_proxy, is_mock,
  dataset_version, methodology_version, engine_version, computed_at,
  evidence_text, evidence_refs
) VALUES (
  '9f01f4a4-9a5a-5028-a7b2-3e8e0a26c744', 'a3fcb71d-9150-51ff-b28b-20fbbc989eb6', 'S3', 'PASS',
  0.8, 0.9,
  '{"source": "https://slov-lex.sk/pravne-predpisy/SK/ZZ/2003/596", "fetched_at": "2026-06-24T10:00:00Z"}'::jsonb,
  '{"rule": "S3 methodology rule"}'::jsonb,
  FALSE, FALSE, FALSE,
  'seed_sprint_c', '0.1', 'seed_sprint_c_v1',
  NOW(),
  $seed$Toto je čistý dôkaz bez citlivých údajov.$seed$,
  '[]'::jsonb
) ON CONFLICT (district_id, condition_code, engine_version)
DO UPDATE SET value = EXCLUDED.value, evidence_text = EXCLUDED.evidence_text;
INSERT INTO skolske_obvody.verdicts (
  id, district_id, condition_code, value, confidence, data_completeness,
  provenance, methodology, is_illustrative, is_proxy, is_mock,
  dataset_version, methodology_version, engine_version, computed_at,
  evidence_text, evidence_refs
) VALUES (
  '04c8d3f0-a1a3-50db-9fb0-e7cad4eb41ce', 'a3fcb71d-9150-51ff-b28b-20fbbc989eb6', 'Pa', 'PASS',
  0.8, 0.9,
  '{"source": "https://slov-lex.sk/pravne-predpisy/SK/ZZ/2003/596", "fetched_at": "2026-06-24T10:00:00Z"}'::jsonb,
  '{"rule": "Pa methodology rule"}'::jsonb,
  FALSE, FALSE, FALSE,
  'seed_sprint_c', '0.1', 'seed_sprint_c_v1',
  NOW(),
  $seed$Toto je čistý dôkaz bez citlivých údajov.$seed$,
  '[]'::jsonb
) ON CONFLICT (district_id, condition_code, engine_version)
DO UPDATE SET value = EXCLUDED.value, evidence_text = EXCLUDED.evidence_text;
INSERT INTO skolske_obvody.verdicts (
  id, district_id, condition_code, value, confidence, data_completeness,
  provenance, methodology, is_illustrative, is_proxy, is_mock,
  dataset_version, methodology_version, engine_version, computed_at,
  evidence_text, evidence_refs
) VALUES (
  'b6dc259e-1bd8-5652-8a35-19e2646b31a2', 'a3fcb71d-9150-51ff-b28b-20fbbc989eb6', 'Pb', 'PASS',
  0.8, 0.9,
  '{"source": "https://slov-lex.sk/pravne-predpisy/SK/ZZ/2003/596", "fetched_at": "2026-06-24T10:00:00Z"}'::jsonb,
  '{"rule": "Pb methodology rule"}'::jsonb,
  FALSE, FALSE, FALSE,
  'seed_sprint_c', '0.1', 'seed_sprint_c_v1',
  NOW(),
  $seed$Toto je čistý dôkaz bez citlivých údajov.$seed$,
  '[]'::jsonb
) ON CONFLICT (district_id, condition_code, engine_version)
DO UPDATE SET value = EXCLUDED.value, evidence_text = EXCLUDED.evidence_text;
INSERT INTO skolske_obvody.verdicts (
  id, district_id, condition_code, value, confidence, data_completeness,
  provenance, methodology, is_illustrative, is_proxy, is_mock,
  dataset_version, methodology_version, engine_version, computed_at,
  evidence_text, evidence_refs
) VALUES (
  '8af75ba2-30f3-52e5-ae8c-d42a45d92cda', 'a3fcb71d-9150-51ff-b28b-20fbbc989eb6', 'Pc', 'PASS',
  0.8, 0.9,
  '{"source": "https://slov-lex.sk/pravne-predpisy/SK/ZZ/2003/596", "fetched_at": "2026-06-24T10:00:00Z"}'::jsonb,
  '{"rule": "Pc methodology rule"}'::jsonb,
  FALSE, FALSE, FALSE,
  'seed_sprint_c', '0.1', 'seed_sprint_c_v1',
  NOW(),
  $seed$Toto je čistý dôkaz bez citlivých údajov.$seed$,
  '[]'::jsonb
) ON CONFLICT (district_id, condition_code, engine_version)
DO UPDATE SET value = EXCLUDED.value, evidence_text = EXCLUDED.evidence_text;
INSERT INTO skolske_obvody.verdicts (
  id, district_id, condition_code, value, confidence, data_completeness,
  provenance, methodology, is_illustrative, is_proxy, is_mock,
  dataset_version, methodology_version, engine_version, computed_at,
  evidence_text, evidence_refs
) VALUES (
  '73ddec6c-e841-54ae-9fd4-a57fa474caeb', 'a3fcb71d-9150-51ff-b28b-20fbbc989eb6', 'Pd', 'PASS',
  0.8, 0.9,
  '{"source": "https://slov-lex.sk/pravne-predpisy/SK/ZZ/2003/596", "fetched_at": "2026-06-24T10:00:00Z"}'::jsonb,
  '{"rule": "Pd methodology rule"}'::jsonb,
  FALSE, FALSE, FALSE,
  'seed_sprint_c', '0.1', 'seed_sprint_c_v1',
  NOW(),
  $seed$Toto je čistý dôkaz bez citlivých údajov.$seed$,
  '[]'::jsonb
) ON CONFLICT (district_id, condition_code, engine_version)
DO UPDATE SET value = EXCLUDED.value, evidence_text = EXCLUDED.evidence_text;
INSERT INTO skolske_obvody.verdicts (
  id, district_id, condition_code, value, confidence, data_completeness,
  provenance, methodology, is_illustrative, is_proxy, is_mock,
  dataset_version, methodology_version, engine_version, computed_at,
  evidence_text, evidence_refs
) VALUES (
  'fc568d8c-2144-5359-939f-a5fda0cd9858', 'a3fcb71d-9150-51ff-b28b-20fbbc989eb6', 'Pe', 'PASS',
  0.8, 0.9,
  '{"source": "https://slov-lex.sk/pravne-predpisy/SK/ZZ/2003/596", "fetched_at": "2026-06-24T10:00:00Z"}'::jsonb,
  '{"rule": "Pe methodology rule"}'::jsonb,
  FALSE, FALSE, FALSE,
  'seed_sprint_c', '0.1', 'seed_sprint_c_v1',
  NOW(),
  $seed$Toto je čistý dôkaz bez citlivých údajov.$seed$,
  '[]'::jsonb
) ON CONFLICT (district_id, condition_code, engine_version)
DO UPDATE SET value = EXCLUDED.value, evidence_text = EXCLUDED.evidence_text;
INSERT INTO skolske_obvody.verdicts (
  id, district_id, condition_code, value, confidence, data_completeness,
  provenance, methodology, is_illustrative, is_proxy, is_mock,
  dataset_version, methodology_version, engine_version, computed_at,
  evidence_text, evidence_refs
) VALUES (
  '27aa36e3-69c8-5185-8ba5-f3faa77f3018', 'a3fcb71d-9150-51ff-b28b-20fbbc989eb6', 'Pf', 'PASS',
  0.8, 0.9,
  '{"source": "https://slov-lex.sk/pravne-predpisy/SK/ZZ/2003/596", "fetched_at": "2026-06-24T10:00:00Z"}'::jsonb,
  '{"rule": "Pf methodology rule"}'::jsonb,
  FALSE, FALSE, FALSE,
  'seed_sprint_c', '0.1', 'seed_sprint_c_v1',
  NOW(),
  $seed$Toto je čistý dôkaz bez citlivých údajov.$seed$,
  '[]'::jsonb
) ON CONFLICT (district_id, condition_code, engine_version)
DO UPDATE SET value = EXCLUDED.value, evidence_text = EXCLUDED.evidence_text;
INSERT INTO skolske_obvody.verdicts (
  id, district_id, condition_code, value, confidence, data_completeness,
  provenance, methodology, is_illustrative, is_proxy, is_mock,
  dataset_version, methodology_version, engine_version, computed_at,
  evidence_text, evidence_refs
) VALUES (
  '24272376-398e-5fd6-a192-79e26929acf2', '3aaba3d9-a149-544d-991b-81a0d7488799', 'S1', 'PASS',
  0.8, 0.9,
  '{"source": "https://slov-lex.sk/pravne-predpisy/SK/ZZ/2003/596", "fetched_at": "2026-06-24T10:00:00Z"}'::jsonb,
  '{"rule": "S1 methodology rule"}'::jsonb,
  FALSE, FALSE, FALSE,
  'seed_sprint_c', '0.1', 'seed_sprint_c_v1',
  NOW(),
  $seed$Toto je čistý dôkaz bez citlivých údajov.$seed$,
  '[]'::jsonb
) ON CONFLICT (district_id, condition_code, engine_version)
DO UPDATE SET value = EXCLUDED.value, evidence_text = EXCLUDED.evidence_text;
INSERT INTO skolske_obvody.verdicts (
  id, district_id, condition_code, value, confidence, data_completeness,
  provenance, methodology, is_illustrative, is_proxy, is_mock,
  dataset_version, methodology_version, engine_version, computed_at,
  evidence_text, evidence_refs
) VALUES (
  'e3a61f07-9790-51b6-9864-0d23095c328f', '3aaba3d9-a149-544d-991b-81a0d7488799', 'S2', 'PASS',
  0.8, 0.9,
  '{"source": "https://slov-lex.sk/pravne-predpisy/SK/ZZ/2003/596", "fetched_at": "2026-06-24T10:00:00Z"}'::jsonb,
  '{"rule": "S2 methodology rule"}'::jsonb,
  FALSE, FALSE, FALSE,
  'seed_sprint_c', '0.1', 'seed_sprint_c_v1',
  NOW(),
  $seed$Toto je čistý dôkaz bez citlivých údajov.$seed$,
  '[]'::jsonb
) ON CONFLICT (district_id, condition_code, engine_version)
DO UPDATE SET value = EXCLUDED.value, evidence_text = EXCLUDED.evidence_text;
INSERT INTO skolske_obvody.verdicts (
  id, district_id, condition_code, value, confidence, data_completeness,
  provenance, methodology, is_illustrative, is_proxy, is_mock,
  dataset_version, methodology_version, engine_version, computed_at,
  evidence_text, evidence_refs
) VALUES (
  '81cbee02-b4c6-5a27-baed-9e70402b315c', '3aaba3d9-a149-544d-991b-81a0d7488799', 'S3', 'FAIL',
  0.8, 0.9,
  '{"source": "https://slov-lex.sk/pravne-predpisy/SK/ZZ/2003/596", "fetched_at": "2026-06-24T10:00:00Z"}'::jsonb,
  '{"rule": "S3 methodology rule"}'::jsonb,
  FALSE, FALSE, FALSE,
  'seed_sprint_c', '0.1', 'seed_sprint_c_v1',
  NOW(),
  $seed$Toto je čistý dôkaz bez citlivých údajov.$seed$,
  '[]'::jsonb
) ON CONFLICT (district_id, condition_code, engine_version)
DO UPDATE SET value = EXCLUDED.value, evidence_text = EXCLUDED.evidence_text;
INSERT INTO skolske_obvody.verdicts (
  id, district_id, condition_code, value, confidence, data_completeness,
  provenance, methodology, is_illustrative, is_proxy, is_mock,
  dataset_version, methodology_version, engine_version, computed_at,
  evidence_text, evidence_refs
) VALUES (
  'c643e093-2532-58c3-ac0b-35043afb452d', '3aaba3d9-a149-544d-991b-81a0d7488799', 'Pa', 'PASS',
  0.8, 0.9,
  '{"source": "https://slov-lex.sk/pravne-predpisy/SK/ZZ/2003/596", "fetched_at": "2026-06-24T10:00:00Z"}'::jsonb,
  '{"rule": "Pa methodology rule"}'::jsonb,
  FALSE, FALSE, FALSE,
  'seed_sprint_c', '0.1', 'seed_sprint_c_v1',
  NOW(),
  $seed$Toto je čistý dôkaz bez citlivých údajov.$seed$,
  '[]'::jsonb
) ON CONFLICT (district_id, condition_code, engine_version)
DO UPDATE SET value = EXCLUDED.value, evidence_text = EXCLUDED.evidence_text;
INSERT INTO skolske_obvody.verdicts (
  id, district_id, condition_code, value, confidence, data_completeness,
  provenance, methodology, is_illustrative, is_proxy, is_mock,
  dataset_version, methodology_version, engine_version, computed_at,
  evidence_text, evidence_refs
) VALUES (
  '873344bd-0e4b-5d04-9b40-e23b6b90c2ee', '3aaba3d9-a149-544d-991b-81a0d7488799', 'Pb', 'PASS',
  0.8, 0.9,
  '{"source": "https://slov-lex.sk/pravne-predpisy/SK/ZZ/2003/596", "fetched_at": "2026-06-24T10:00:00Z"}'::jsonb,
  '{"rule": "Pb methodology rule"}'::jsonb,
  FALSE, FALSE, FALSE,
  'seed_sprint_c', '0.1', 'seed_sprint_c_v1',
  NOW(),
  $seed$Toto je čistý dôkaz bez citlivých údajov.$seed$,
  '[]'::jsonb
) ON CONFLICT (district_id, condition_code, engine_version)
DO UPDATE SET value = EXCLUDED.value, evidence_text = EXCLUDED.evidence_text;
INSERT INTO skolske_obvody.verdicts (
  id, district_id, condition_code, value, confidence, data_completeness,
  provenance, methodology, is_illustrative, is_proxy, is_mock,
  dataset_version, methodology_version, engine_version, computed_at,
  evidence_text, evidence_refs
) VALUES (
  'a0a10339-6a8b-5d36-b57f-6dfbcc186f97', '3aaba3d9-a149-544d-991b-81a0d7488799', 'Pc', 'PASS',
  0.8, 0.9,
  '{"source": "https://slov-lex.sk/pravne-predpisy/SK/ZZ/2003/596", "fetched_at": "2026-06-24T10:00:00Z"}'::jsonb,
  '{"rule": "Pc methodology rule"}'::jsonb,
  FALSE, FALSE, FALSE,
  'seed_sprint_c', '0.1', 'seed_sprint_c_v1',
  NOW(),
  $seed$Toto je čistý dôkaz bez citlivých údajov.$seed$,
  '[]'::jsonb
) ON CONFLICT (district_id, condition_code, engine_version)
DO UPDATE SET value = EXCLUDED.value, evidence_text = EXCLUDED.evidence_text;
INSERT INTO skolske_obvody.verdicts (
  id, district_id, condition_code, value, confidence, data_completeness,
  provenance, methodology, is_illustrative, is_proxy, is_mock,
  dataset_version, methodology_version, engine_version, computed_at,
  evidence_text, evidence_refs
) VALUES (
  '80989146-64a6-53d8-a628-4e226466bc2d', '3aaba3d9-a149-544d-991b-81a0d7488799', 'Pd', 'PASS',
  0.8, 0.9,
  '{"source": "https://slov-lex.sk/pravne-predpisy/SK/ZZ/2003/596", "fetched_at": "2026-06-24T10:00:00Z"}'::jsonb,
  '{"rule": "Pd methodology rule"}'::jsonb,
  FALSE, FALSE, FALSE,
  'seed_sprint_c', '0.1', 'seed_sprint_c_v1',
  NOW(),
  $seed$Toto je čistý dôkaz bez citlivých údajov.$seed$,
  '[]'::jsonb
) ON CONFLICT (district_id, condition_code, engine_version)
DO UPDATE SET value = EXCLUDED.value, evidence_text = EXCLUDED.evidence_text;
INSERT INTO skolske_obvody.verdicts (
  id, district_id, condition_code, value, confidence, data_completeness,
  provenance, methodology, is_illustrative, is_proxy, is_mock,
  dataset_version, methodology_version, engine_version, computed_at,
  evidence_text, evidence_refs
) VALUES (
  '7c250762-d521-5591-8edc-ad39ed101854', '3aaba3d9-a149-544d-991b-81a0d7488799', 'Pe', 'PASS',
  0.8, 0.9,
  '{"source": "https://slov-lex.sk/pravne-predpisy/SK/ZZ/2003/596", "fetched_at": "2026-06-24T10:00:00Z"}'::jsonb,
  '{"rule": "Pe methodology rule"}'::jsonb,
  FALSE, FALSE, FALSE,
  'seed_sprint_c', '0.1', 'seed_sprint_c_v1',
  NOW(),
  $seed$Toto je čistý dôkaz bez citlivých údajov.$seed$,
  '[]'::jsonb
) ON CONFLICT (district_id, condition_code, engine_version)
DO UPDATE SET value = EXCLUDED.value, evidence_text = EXCLUDED.evidence_text;
INSERT INTO skolske_obvody.verdicts (
  id, district_id, condition_code, value, confidence, data_completeness,
  provenance, methodology, is_illustrative, is_proxy, is_mock,
  dataset_version, methodology_version, engine_version, computed_at,
  evidence_text, evidence_refs
) VALUES (
  '9e981398-6acb-53cc-b2b5-f6e0b7cdcdce', '3aaba3d9-a149-544d-991b-81a0d7488799', 'Pf', 'PASS',
  0.8, 0.9,
  '{"source": "https://slov-lex.sk/pravne-predpisy/SK/ZZ/2003/596", "fetched_at": "2026-06-24T10:00:00Z"}'::jsonb,
  '{"rule": "Pf methodology rule"}'::jsonb,
  FALSE, FALSE, FALSE,
  'seed_sprint_c', '0.1', 'seed_sprint_c_v1',
  NOW(),
  $seed$Toto je čistý dôkaz bez citlivých údajov.$seed$,
  '[]'::jsonb
) ON CONFLICT (district_id, condition_code, engine_version)
DO UPDATE SET value = EXCLUDED.value, evidence_text = EXCLUDED.evidence_text;
INSERT INTO skolske_obvody.verdicts (
  id, district_id, condition_code, value, confidence, data_completeness,
  provenance, methodology, is_illustrative, is_proxy, is_mock,
  dataset_version, methodology_version, engine_version, computed_at,
  evidence_text, evidence_refs
) VALUES (
  '354773ec-9c32-5381-8b97-227b1769ffb7', '55a1b75f-000d-5b14-81ac-9579aec8f067', 'S1', 'PASS',
  0.8, 0.9,
  '{"source": "https://slov-lex.sk/pravne-predpisy/SK/ZZ/2003/596", "fetched_at": "2026-06-24T10:00:00Z"}'::jsonb,
  '{"rule": "S1 methodology rule"}'::jsonb,
  FALSE, FALSE, FALSE,
  'seed_sprint_c', '0.1', 'seed_sprint_c_v1',
  NOW(),
  $seed$Toto je čistý dôkaz bez citlivých údajov.$seed$,
  '[]'::jsonb
) ON CONFLICT (district_id, condition_code, engine_version)
DO UPDATE SET value = EXCLUDED.value, evidence_text = EXCLUDED.evidence_text;
INSERT INTO skolske_obvody.verdicts (
  id, district_id, condition_code, value, confidence, data_completeness,
  provenance, methodology, is_illustrative, is_proxy, is_mock,
  dataset_version, methodology_version, engine_version, computed_at,
  evidence_text, evidence_refs
) VALUES (
  '82f02cb8-8e02-598e-bb6d-35af6607829b', '55a1b75f-000d-5b14-81ac-9579aec8f067', 'S2', 'PASS',
  0.8, 0.9,
  '{"source": "https://slov-lex.sk/pravne-predpisy/SK/ZZ/2003/596", "fetched_at": "2026-06-24T10:00:00Z"}'::jsonb,
  '{"rule": "S2 methodology rule"}'::jsonb,
  FALSE, FALSE, FALSE,
  'seed_sprint_c', '0.1', 'seed_sprint_c_v1',
  NOW(),
  $seed$Toto je čistý dôkaz bez citlivých údajov.$seed$,
  '[]'::jsonb
) ON CONFLICT (district_id, condition_code, engine_version)
DO UPDATE SET value = EXCLUDED.value, evidence_text = EXCLUDED.evidence_text;
INSERT INTO skolske_obvody.verdicts (
  id, district_id, condition_code, value, confidence, data_completeness,
  provenance, methodology, is_illustrative, is_proxy, is_mock,
  dataset_version, methodology_version, engine_version, computed_at,
  evidence_text, evidence_refs
) VALUES (
  '3ca5eb6f-1e83-52e9-8e80-c66065737dbc', '55a1b75f-000d-5b14-81ac-9579aec8f067', 'S3', 'PASS',
  0.8, 0.9,
  '{"source": "https://slov-lex.sk/pravne-predpisy/SK/ZZ/2003/596", "fetched_at": "2026-06-24T10:00:00Z"}'::jsonb,
  '{"rule": "S3 methodology rule"}'::jsonb,
  FALSE, FALSE, FALSE,
  'seed_sprint_c', '0.1', 'seed_sprint_c_v1',
  NOW(),
  $seed$Toto je čistý dôkaz bez citlivých údajov.$seed$,
  '[]'::jsonb
) ON CONFLICT (district_id, condition_code, engine_version)
DO UPDATE SET value = EXCLUDED.value, evidence_text = EXCLUDED.evidence_text;
INSERT INTO skolske_obvody.verdicts (
  id, district_id, condition_code, value, confidence, data_completeness,
  provenance, methodology, is_illustrative, is_proxy, is_mock,
  dataset_version, methodology_version, engine_version, computed_at,
  evidence_text, evidence_refs
) VALUES (
  'f387e3ae-93e4-5b32-af41-024ca34a8f91', '55a1b75f-000d-5b14-81ac-9579aec8f067', 'Pa', 'FAIL',
  0.8, 0.9,
  '{"source": "https://slov-lex.sk/pravne-predpisy/SK/ZZ/2003/596", "fetched_at": "2026-06-24T10:00:00Z"}'::jsonb,
  '{"rule": "Pa methodology rule"}'::jsonb,
  FALSE, FALSE, FALSE,
  'seed_sprint_c', '0.1', 'seed_sprint_c_v1',
  NOW(),
  $seed$Toto je čistý dôkaz bez citlivých údajov.$seed$,
  '[]'::jsonb
) ON CONFLICT (district_id, condition_code, engine_version)
DO UPDATE SET value = EXCLUDED.value, evidence_text = EXCLUDED.evidence_text;
INSERT INTO skolske_obvody.verdicts (
  id, district_id, condition_code, value, confidence, data_completeness,
  provenance, methodology, is_illustrative, is_proxy, is_mock,
  dataset_version, methodology_version, engine_version, computed_at,
  evidence_text, evidence_refs
) VALUES (
  '5e2c7a8a-8734-5b52-985c-8bf50f345032', '55a1b75f-000d-5b14-81ac-9579aec8f067', 'Pb', 'PASS',
  0.8, 0.9,
  '{"source": "https://slov-lex.sk/pravne-predpisy/SK/ZZ/2003/596", "fetched_at": "2026-06-24T10:00:00Z"}'::jsonb,
  '{"rule": "Pb methodology rule"}'::jsonb,
  FALSE, FALSE, FALSE,
  'seed_sprint_c', '0.1', 'seed_sprint_c_v1',
  NOW(),
  $seed$Toto je čistý dôkaz bez citlivých údajov.$seed$,
  '[]'::jsonb
) ON CONFLICT (district_id, condition_code, engine_version)
DO UPDATE SET value = EXCLUDED.value, evidence_text = EXCLUDED.evidence_text;
INSERT INTO skolske_obvody.verdicts (
  id, district_id, condition_code, value, confidence, data_completeness,
  provenance, methodology, is_illustrative, is_proxy, is_mock,
  dataset_version, methodology_version, engine_version, computed_at,
  evidence_text, evidence_refs
) VALUES (
  '14bd47f2-721b-5dcb-bfca-960e562dbb66', '55a1b75f-000d-5b14-81ac-9579aec8f067', 'Pc', 'PASS',
  0.8, 0.9,
  '{"source": "https://slov-lex.sk/pravne-predpisy/SK/ZZ/2003/596", "fetched_at": "2026-06-24T10:00:00Z"}'::jsonb,
  '{"rule": "Pc methodology rule"}'::jsonb,
  FALSE, FALSE, FALSE,
  'seed_sprint_c', '0.1', 'seed_sprint_c_v1',
  NOW(),
  $seed$Toto je čistý dôkaz bez citlivých údajov.$seed$,
  '[]'::jsonb
) ON CONFLICT (district_id, condition_code, engine_version)
DO UPDATE SET value = EXCLUDED.value, evidence_text = EXCLUDED.evidence_text;
INSERT INTO skolske_obvody.verdicts (
  id, district_id, condition_code, value, confidence, data_completeness,
  provenance, methodology, is_illustrative, is_proxy, is_mock,
  dataset_version, methodology_version, engine_version, computed_at,
  evidence_text, evidence_refs
) VALUES (
  'ea9180ba-c10c-5b3b-82b3-206a2ff55625', '55a1b75f-000d-5b14-81ac-9579aec8f067', 'Pd', 'PASS',
  0.8, 0.9,
  '{"source": "https://slov-lex.sk/pravne-predpisy/SK/ZZ/2003/596", "fetched_at": "2026-06-24T10:00:00Z"}'::jsonb,
  '{"rule": "Pd methodology rule"}'::jsonb,
  FALSE, FALSE, FALSE,
  'seed_sprint_c', '0.1', 'seed_sprint_c_v1',
  NOW(),
  $seed$Toto je čistý dôkaz bez citlivých údajov.$seed$,
  '[]'::jsonb
) ON CONFLICT (district_id, condition_code, engine_version)
DO UPDATE SET value = EXCLUDED.value, evidence_text = EXCLUDED.evidence_text;
INSERT INTO skolske_obvody.verdicts (
  id, district_id, condition_code, value, confidence, data_completeness,
  provenance, methodology, is_illustrative, is_proxy, is_mock,
  dataset_version, methodology_version, engine_version, computed_at,
  evidence_text, evidence_refs
) VALUES (
  'e04962de-b613-5e5d-b05d-0d7500c55e72', '55a1b75f-000d-5b14-81ac-9579aec8f067', 'Pe', 'PASS',
  0.8, 0.9,
  '{"source": "https://slov-lex.sk/pravne-predpisy/SK/ZZ/2003/596", "fetched_at": "2026-06-24T10:00:00Z"}'::jsonb,
  '{"rule": "Pe methodology rule"}'::jsonb,
  FALSE, FALSE, FALSE,
  'seed_sprint_c', '0.1', 'seed_sprint_c_v1',
  NOW(),
  $seed$Toto je čistý dôkaz bez citlivých údajov.$seed$,
  '[]'::jsonb
) ON CONFLICT (district_id, condition_code, engine_version)
DO UPDATE SET value = EXCLUDED.value, evidence_text = EXCLUDED.evidence_text;
INSERT INTO skolske_obvody.verdicts (
  id, district_id, condition_code, value, confidence, data_completeness,
  provenance, methodology, is_illustrative, is_proxy, is_mock,
  dataset_version, methodology_version, engine_version, computed_at,
  evidence_text, evidence_refs
) VALUES (
  '0f6dd5ee-d96b-5e59-bab2-49af695203eb', '55a1b75f-000d-5b14-81ac-9579aec8f067', 'Pf', 'PASS',
  0.8, 0.9,
  '{"source": "https://slov-lex.sk/pravne-predpisy/SK/ZZ/2003/596", "fetched_at": "2026-06-24T10:00:00Z"}'::jsonb,
  '{"rule": "Pf methodology rule"}'::jsonb,
  FALSE, FALSE, FALSE,
  'seed_sprint_c', '0.1', 'seed_sprint_c_v1',
  NOW(),
  $seed$Toto je čistý dôkaz bez citlivých údajov.$seed$,
  '[]'::jsonb
) ON CONFLICT (district_id, condition_code, engine_version)
DO UPDATE SET value = EXCLUDED.value, evidence_text = EXCLUDED.evidence_text;
INSERT INTO skolske_obvody.verdicts (
  id, district_id, condition_code, value, confidence, data_completeness,
  provenance, methodology, is_illustrative, is_proxy, is_mock,
  dataset_version, methodology_version, engine_version, computed_at,
  evidence_text, evidence_refs
) VALUES (
  'df130897-a98c-5140-8ead-fd155ade6873', 'f1e940c8-b6a2-5494-9aa3-cc64330fe3ce', 'S1', 'PASS',
  0.8, 0.9,
  '{"source": "https://slov-lex.sk/pravne-predpisy/SK/ZZ/2003/596", "fetched_at": "2026-06-24T10:00:00Z"}'::jsonb,
  '{"rule": "S1 methodology rule"}'::jsonb,
  FALSE, FALSE, FALSE,
  'seed_sprint_c', '0.1', 'seed_sprint_c_v1',
  NOW(),
  $seed$Toto je čistý dôkaz bez citlivých údajov.$seed$,
  '[]'::jsonb
) ON CONFLICT (district_id, condition_code, engine_version)
DO UPDATE SET value = EXCLUDED.value, evidence_text = EXCLUDED.evidence_text;
INSERT INTO skolske_obvody.verdicts (
  id, district_id, condition_code, value, confidence, data_completeness,
  provenance, methodology, is_illustrative, is_proxy, is_mock,
  dataset_version, methodology_version, engine_version, computed_at,
  evidence_text, evidence_refs
) VALUES (
  '66220914-1b00-5cde-b3af-4e368b40cb8e', 'f1e940c8-b6a2-5494-9aa3-cc64330fe3ce', 'S2', 'PASS',
  0.8, 0.9,
  '{"source": "https://slov-lex.sk/pravne-predpisy/SK/ZZ/2003/596", "fetched_at": "2026-06-24T10:00:00Z"}'::jsonb,
  '{"rule": "S2 methodology rule"}'::jsonb,
  FALSE, FALSE, FALSE,
  'seed_sprint_c', '0.1', 'seed_sprint_c_v1',
  NOW(),
  $seed$Toto je čistý dôkaz bez citlivých údajov.$seed$,
  '[]'::jsonb
) ON CONFLICT (district_id, condition_code, engine_version)
DO UPDATE SET value = EXCLUDED.value, evidence_text = EXCLUDED.evidence_text;
INSERT INTO skolske_obvody.verdicts (
  id, district_id, condition_code, value, confidence, data_completeness,
  provenance, methodology, is_illustrative, is_proxy, is_mock,
  dataset_version, methodology_version, engine_version, computed_at,
  evidence_text, evidence_refs
) VALUES (
  'c3ec96af-c1ee-5974-bd19-a0cf581d1479', 'f1e940c8-b6a2-5494-9aa3-cc64330fe3ce', 'S3', 'PASS',
  0.8, 0.9,
  '{"source": "https://slov-lex.sk/pravne-predpisy/SK/ZZ/2003/596", "fetched_at": "2026-06-24T10:00:00Z"}'::jsonb,
  '{"rule": "S3 methodology rule"}'::jsonb,
  FALSE, FALSE, FALSE,
  'seed_sprint_c', '0.1', 'seed_sprint_c_v1',
  NOW(),
  $seed$Toto je čistý dôkaz bez citlivých údajov.$seed$,
  '[]'::jsonb
) ON CONFLICT (district_id, condition_code, engine_version)
DO UPDATE SET value = EXCLUDED.value, evidence_text = EXCLUDED.evidence_text;
INSERT INTO skolske_obvody.verdicts (
  id, district_id, condition_code, value, confidence, data_completeness,
  provenance, methodology, is_illustrative, is_proxy, is_mock,
  dataset_version, methodology_version, engine_version, computed_at,
  evidence_text, evidence_refs
) VALUES (
  'f8f246be-cc77-5349-b7c8-b11b9a468443', 'f1e940c8-b6a2-5494-9aa3-cc64330fe3ce', 'Pa', 'PASS',
  0.8, 0.9,
  '{"source": "https://slov-lex.sk/pravne-predpisy/SK/ZZ/2003/596", "fetched_at": "2026-06-24T10:00:00Z"}'::jsonb,
  '{"rule": "Pa methodology rule"}'::jsonb,
  FALSE, FALSE, FALSE,
  'seed_sprint_c', '0.1', 'seed_sprint_c_v1',
  NOW(),
  $seed$Toto je čistý dôkaz bez citlivých údajov.$seed$,
  '[]'::jsonb
) ON CONFLICT (district_id, condition_code, engine_version)
DO UPDATE SET value = EXCLUDED.value, evidence_text = EXCLUDED.evidence_text;
INSERT INTO skolske_obvody.verdicts (
  id, district_id, condition_code, value, confidence, data_completeness,
  provenance, methodology, is_illustrative, is_proxy, is_mock,
  dataset_version, methodology_version, engine_version, computed_at,
  evidence_text, evidence_refs
) VALUES (
  'c589f93a-1667-5b15-b8db-8e101b68e491', 'f1e940c8-b6a2-5494-9aa3-cc64330fe3ce', 'Pb', 'PASS',
  0.8, 0.9,
  '{"source": "https://slov-lex.sk/pravne-predpisy/SK/ZZ/2003/596", "fetched_at": "2026-06-24T10:00:00Z"}'::jsonb,
  '{"rule": "Pb methodology rule"}'::jsonb,
  FALSE, FALSE, FALSE,
  'seed_sprint_c', '0.1', 'seed_sprint_c_v1',
  NOW(),
  $seed$Toto je čistý dôkaz bez citlivých údajov.$seed$,
  '[]'::jsonb
) ON CONFLICT (district_id, condition_code, engine_version)
DO UPDATE SET value = EXCLUDED.value, evidence_text = EXCLUDED.evidence_text;
INSERT INTO skolske_obvody.verdicts (
  id, district_id, condition_code, value, confidence, data_completeness,
  provenance, methodology, is_illustrative, is_proxy, is_mock,
  dataset_version, methodology_version, engine_version, computed_at,
  evidence_text, evidence_refs
) VALUES (
  '45fc5e70-a8cd-5b98-abf1-dd9e6e332be5', 'f1e940c8-b6a2-5494-9aa3-cc64330fe3ce', 'Pc', 'RISK',
  0.8, 0.9,
  '{"source": "https://slov-lex.sk/pravne-predpisy/SK/ZZ/2003/596", "fetched_at": "2026-06-24T10:00:00Z"}'::jsonb,
  '{"rule": "Pc methodology rule"}'::jsonb,
  FALSE, FALSE, FALSE,
  'seed_sprint_c', '0.1', 'seed_sprint_c_v1',
  NOW(),
  $seed$Toto je čistý dôkaz bez citlivých údajov.$seed$,
  '[]'::jsonb
) ON CONFLICT (district_id, condition_code, engine_version)
DO UPDATE SET value = EXCLUDED.value, evidence_text = EXCLUDED.evidence_text;
INSERT INTO skolske_obvody.verdicts (
  id, district_id, condition_code, value, confidence, data_completeness,
  provenance, methodology, is_illustrative, is_proxy, is_mock,
  dataset_version, methodology_version, engine_version, computed_at,
  evidence_text, evidence_refs
) VALUES (
  '438ce21e-2aba-5397-aec3-a05432aa50a5', 'f1e940c8-b6a2-5494-9aa3-cc64330fe3ce', 'Pd', 'PASS',
  0.8, 0.9,
  '{"source": "https://slov-lex.sk/pravne-predpisy/SK/ZZ/2003/596", "fetched_at": "2026-06-24T10:00:00Z"}'::jsonb,
  '{"rule": "Pd methodology rule"}'::jsonb,
  FALSE, FALSE, FALSE,
  'seed_sprint_c', '0.1', 'seed_sprint_c_v1',
  NOW(),
  $seed$Toto je čistý dôkaz bez citlivých údajov.$seed$,
  '[]'::jsonb
) ON CONFLICT (district_id, condition_code, engine_version)
DO UPDATE SET value = EXCLUDED.value, evidence_text = EXCLUDED.evidence_text;
INSERT INTO skolske_obvody.verdicts (
  id, district_id, condition_code, value, confidence, data_completeness,
  provenance, methodology, is_illustrative, is_proxy, is_mock,
  dataset_version, methodology_version, engine_version, computed_at,
  evidence_text, evidence_refs
) VALUES (
  '8e561368-1921-5f17-b06d-714943eed5d7', 'f1e940c8-b6a2-5494-9aa3-cc64330fe3ce', 'Pe', 'PASS',
  0.8, 0.9,
  '{"source": "https://slov-lex.sk/pravne-predpisy/SK/ZZ/2003/596", "fetched_at": "2026-06-24T10:00:00Z"}'::jsonb,
  '{"rule": "Pe methodology rule"}'::jsonb,
  FALSE, FALSE, FALSE,
  'seed_sprint_c', '0.1', 'seed_sprint_c_v1',
  NOW(),
  $seed$Toto je čistý dôkaz bez citlivých údajov.$seed$,
  '[]'::jsonb
) ON CONFLICT (district_id, condition_code, engine_version)
DO UPDATE SET value = EXCLUDED.value, evidence_text = EXCLUDED.evidence_text;
INSERT INTO skolske_obvody.verdicts (
  id, district_id, condition_code, value, confidence, data_completeness,
  provenance, methodology, is_illustrative, is_proxy, is_mock,
  dataset_version, methodology_version, engine_version, computed_at,
  evidence_text, evidence_refs
) VALUES (
  '01ab1bb7-349b-5449-a846-cc1f1d07698e', 'f1e940c8-b6a2-5494-9aa3-cc64330fe3ce', 'Pf', 'PASS',
  0.8, 0.9,
  '{"source": "https://slov-lex.sk/pravne-predpisy/SK/ZZ/2003/596", "fetched_at": "2026-06-24T10:00:00Z"}'::jsonb,
  '{"rule": "Pf methodology rule"}'::jsonb,
  FALSE, FALSE, FALSE,
  'seed_sprint_c', '0.1', 'seed_sprint_c_v1',
  NOW(),
  $seed$Toto je čistý dôkaz bez citlivých údajov.$seed$,
  '[]'::jsonb
) ON CONFLICT (district_id, condition_code, engine_version)
DO UPDATE SET value = EXCLUDED.value, evidence_text = EXCLUDED.evidence_text;
INSERT INTO skolske_obvody.verdicts (
  id, district_id, condition_code, value, confidence, data_completeness,
  provenance, methodology, is_illustrative, is_proxy, is_mock,
  dataset_version, methodology_version, engine_version, computed_at,
  evidence_text, evidence_refs
) VALUES (
  '36034df5-8e9f-576f-853b-e43c334f317a', 'ee4091f1-dbaf-557d-a161-3ae273f713e7', 'S1', 'PASS',
  0.8, 0.9,
  '{"source": "https://slov-lex.sk/pravne-predpisy/SK/ZZ/2003/596", "fetched_at": "2026-06-24T10:00:00Z"}'::jsonb,
  '{"rule": "S1 methodology rule"}'::jsonb,
  FALSE, FALSE, FALSE,
  'seed_sprint_c', '0.1', 'seed_sprint_c_v1',
  NOW(),
  $seed$Toto je čistý dôkaz bez citlivých údajov.$seed$,
  '[]'::jsonb
) ON CONFLICT (district_id, condition_code, engine_version)
DO UPDATE SET value = EXCLUDED.value, evidence_text = EXCLUDED.evidence_text;
INSERT INTO skolske_obvody.verdicts (
  id, district_id, condition_code, value, confidence, data_completeness,
  provenance, methodology, is_illustrative, is_proxy, is_mock,
  dataset_version, methodology_version, engine_version, computed_at,
  evidence_text, evidence_refs
) VALUES (
  'cf118191-1b87-5e4d-b303-37da482d3621', 'ee4091f1-dbaf-557d-a161-3ae273f713e7', 'S2', 'PASS',
  0.8, 0.9,
  '{"source": "https://slov-lex.sk/pravne-predpisy/SK/ZZ/2003/596", "fetched_at": "2026-06-24T10:00:00Z"}'::jsonb,
  '{"rule": "S2 methodology rule"}'::jsonb,
  FALSE, FALSE, FALSE,
  'seed_sprint_c', '0.1', 'seed_sprint_c_v1',
  NOW(),
  $seed$Toto je čistý dôkaz bez citlivých údajov.$seed$,
  '[]'::jsonb
) ON CONFLICT (district_id, condition_code, engine_version)
DO UPDATE SET value = EXCLUDED.value, evidence_text = EXCLUDED.evidence_text;
INSERT INTO skolske_obvody.verdicts (
  id, district_id, condition_code, value, confidence, data_completeness,
  provenance, methodology, is_illustrative, is_proxy, is_mock,
  dataset_version, methodology_version, engine_version, computed_at,
  evidence_text, evidence_refs
) VALUES (
  '20735d66-906f-5868-9e9f-6d45e7568cd8', 'ee4091f1-dbaf-557d-a161-3ae273f713e7', 'S3', 'PASS',
  0.8, 0.9,
  '{"source": "https://slov-lex.sk/pravne-predpisy/SK/ZZ/2003/596", "fetched_at": "2026-06-24T10:00:00Z"}'::jsonb,
  '{"rule": "S3 methodology rule"}'::jsonb,
  FALSE, FALSE, FALSE,
  'seed_sprint_c', '0.1', 'seed_sprint_c_v1',
  NOW(),
  $seed$Toto je čistý dôkaz bez citlivých údajov.$seed$,
  '[]'::jsonb
) ON CONFLICT (district_id, condition_code, engine_version)
DO UPDATE SET value = EXCLUDED.value, evidence_text = EXCLUDED.evidence_text;
INSERT INTO skolske_obvody.verdicts (
  id, district_id, condition_code, value, confidence, data_completeness,
  provenance, methodology, is_illustrative, is_proxy, is_mock,
  dataset_version, methodology_version, engine_version, computed_at,
  evidence_text, evidence_refs
) VALUES (
  'c153ddc9-a5b3-59f1-af30-af16abe75381', 'ee4091f1-dbaf-557d-a161-3ae273f713e7', 'Pa', 'PASS',
  0.8, 0.9,
  '{"source": "https://slov-lex.sk/pravne-predpisy/SK/ZZ/2003/596", "fetched_at": "2026-06-24T10:00:00Z"}'::jsonb,
  '{"rule": "Pa methodology rule"}'::jsonb,
  FALSE, FALSE, FALSE,
  'seed_sprint_c', '0.1', 'seed_sprint_c_v1',
  NOW(),
  $seed$Toto je čistý dôkaz bez citlivých údajov.$seed$,
  '[]'::jsonb
) ON CONFLICT (district_id, condition_code, engine_version)
DO UPDATE SET value = EXCLUDED.value, evidence_text = EXCLUDED.evidence_text;
INSERT INTO skolske_obvody.verdicts (
  id, district_id, condition_code, value, confidence, data_completeness,
  provenance, methodology, is_illustrative, is_proxy, is_mock,
  dataset_version, methodology_version, engine_version, computed_at,
  evidence_text, evidence_refs
) VALUES (
  '633f2fb7-40ae-5f1e-9d17-b356a8870a3e', 'ee4091f1-dbaf-557d-a161-3ae273f713e7', 'Pb', 'PASS',
  0.8, 0.9,
  '{"source": "https://slov-lex.sk/pravne-predpisy/SK/ZZ/2003/596", "fetched_at": "2026-06-24T10:00:00Z"}'::jsonb,
  '{"rule": "Pb methodology rule"}'::jsonb,
  FALSE, FALSE, FALSE,
  'seed_sprint_c', '0.1', 'seed_sprint_c_v1',
  NOW(),
  $seed$Toto je čistý dôkaz bez citlivých údajov.$seed$,
  '[]'::jsonb
) ON CONFLICT (district_id, condition_code, engine_version)
DO UPDATE SET value = EXCLUDED.value, evidence_text = EXCLUDED.evidence_text;
INSERT INTO skolske_obvody.verdicts (
  id, district_id, condition_code, value, confidence, data_completeness,
  provenance, methodology, is_illustrative, is_proxy, is_mock,
  dataset_version, methodology_version, engine_version, computed_at,
  evidence_text, evidence_refs
) VALUES (
  'db98be65-070b-501e-8676-f79b8455384e', 'ee4091f1-dbaf-557d-a161-3ae273f713e7', 'Pc', 'RISK',
  0.8, 0.9,
  '{"source": "https://slov-lex.sk/pravne-predpisy/SK/ZZ/2003/596", "fetched_at": "2026-06-24T10:00:00Z"}'::jsonb,
  '{"rule": "Pc methodology rule"}'::jsonb,
  TRUE, FALSE, FALSE,
  'seed_sprint_c', '0.1', 'seed_sprint_c_v1',
  NOW(),
  $seed$Toto je čistý dôkaz bez citlivých údajov.$seed$,
  '[]'::jsonb
) ON CONFLICT (district_id, condition_code, engine_version)
DO UPDATE SET value = EXCLUDED.value, evidence_text = EXCLUDED.evidence_text;
INSERT INTO skolske_obvody.verdicts (
  id, district_id, condition_code, value, confidence, data_completeness,
  provenance, methodology, is_illustrative, is_proxy, is_mock,
  dataset_version, methodology_version, engine_version, computed_at,
  evidence_text, evidence_refs
) VALUES (
  '7ed6e7a7-de7a-58aa-8f8b-32d63d31bbd5', 'ee4091f1-dbaf-557d-a161-3ae273f713e7', 'Pd', 'PASS',
  0.8, 0.9,
  '{"source": "https://slov-lex.sk/pravne-predpisy/SK/ZZ/2003/596", "fetched_at": "2026-06-24T10:00:00Z"}'::jsonb,
  '{"rule": "Pd methodology rule"}'::jsonb,
  FALSE, FALSE, FALSE,
  'seed_sprint_c', '0.1', 'seed_sprint_c_v1',
  NOW(),
  $seed$Toto je čistý dôkaz bez citlivých údajov.$seed$,
  '[]'::jsonb
) ON CONFLICT (district_id, condition_code, engine_version)
DO UPDATE SET value = EXCLUDED.value, evidence_text = EXCLUDED.evidence_text;
INSERT INTO skolske_obvody.verdicts (
  id, district_id, condition_code, value, confidence, data_completeness,
  provenance, methodology, is_illustrative, is_proxy, is_mock,
  dataset_version, methodology_version, engine_version, computed_at,
  evidence_text, evidence_refs
) VALUES (
  '74c760cd-b41b-554e-8bef-c0cf65650017', 'ee4091f1-dbaf-557d-a161-3ae273f713e7', 'Pe', 'PASS',
  0.8, 0.9,
  '{"source": "https://slov-lex.sk/pravne-predpisy/SK/ZZ/2003/596", "fetched_at": "2026-06-24T10:00:00Z"}'::jsonb,
  '{"rule": "Pe methodology rule"}'::jsonb,
  FALSE, FALSE, FALSE,
  'seed_sprint_c', '0.1', 'seed_sprint_c_v1',
  NOW(),
  $seed$Toto je čistý dôkaz bez citlivých údajov.$seed$,
  '[]'::jsonb
) ON CONFLICT (district_id, condition_code, engine_version)
DO UPDATE SET value = EXCLUDED.value, evidence_text = EXCLUDED.evidence_text;
INSERT INTO skolske_obvody.verdicts (
  id, district_id, condition_code, value, confidence, data_completeness,
  provenance, methodology, is_illustrative, is_proxy, is_mock,
  dataset_version, methodology_version, engine_version, computed_at,
  evidence_text, evidence_refs
) VALUES (
  '017ad8e5-7c1f-50d3-83a3-324714adeab9', 'ee4091f1-dbaf-557d-a161-3ae273f713e7', 'Pf', 'PASS',
  0.8, 0.9,
  '{"source": "https://slov-lex.sk/pravne-predpisy/SK/ZZ/2003/596", "fetched_at": "2026-06-24T10:00:00Z"}'::jsonb,
  '{"rule": "Pf methodology rule"}'::jsonb,
  FALSE, FALSE, FALSE,
  'seed_sprint_c', '0.1', 'seed_sprint_c_v1',
  NOW(),
  $seed$Toto je čistý dôkaz bez citlivých údajov.$seed$,
  '[]'::jsonb
) ON CONFLICT (district_id, condition_code, engine_version)
DO UPDATE SET value = EXCLUDED.value, evidence_text = EXCLUDED.evidence_text;
INSERT INTO skolske_obvody.verdicts (
  id, district_id, condition_code, value, confidence, data_completeness,
  provenance, methodology, is_illustrative, is_proxy, is_mock,
  dataset_version, methodology_version, engine_version, computed_at,
  evidence_text, evidence_refs
) VALUES (
  'ce7a8a1c-a8d5-51be-bbfe-0b2d342de406', 'ec7bf512-508e-5310-b933-5e90343f42a6', 'S1', 'PASS',
  0.8, 0.9,
  '{"source": "https://slov-lex.sk/pravne-predpisy/SK/ZZ/2003/596", "fetched_at": "2026-06-24T10:00:00Z"}'::jsonb,
  '{"rule": "S1 methodology rule"}'::jsonb,
  FALSE, FALSE, FALSE,
  'seed_sprint_c', '0.1', 'seed_sprint_c_v1',
  NOW(),
  $seed$Toto je čistý dôkaz bez citlivých údajov.$seed$,
  '[]'::jsonb
) ON CONFLICT (district_id, condition_code, engine_version)
DO UPDATE SET value = EXCLUDED.value, evidence_text = EXCLUDED.evidence_text;
INSERT INTO skolske_obvody.verdicts (
  id, district_id, condition_code, value, confidence, data_completeness,
  provenance, methodology, is_illustrative, is_proxy, is_mock,
  dataset_version, methodology_version, engine_version, computed_at,
  evidence_text, evidence_refs
) VALUES (
  '399b1ddc-8681-5352-be70-7d625fcc42fb', 'ec7bf512-508e-5310-b933-5e90343f42a6', 'S2', 'PASS',
  0.8, 0.9,
  '{"source": "https://slov-lex.sk/pravne-predpisy/SK/ZZ/2003/596", "fetched_at": "2026-06-24T10:00:00Z"}'::jsonb,
  '{"rule": "S2 methodology rule"}'::jsonb,
  FALSE, FALSE, FALSE,
  'seed_sprint_c', '0.1', 'seed_sprint_c_v1',
  NOW(),
  $seed$Toto je čistý dôkaz bez citlivých údajov.$seed$,
  '[]'::jsonb
) ON CONFLICT (district_id, condition_code, engine_version)
DO UPDATE SET value = EXCLUDED.value, evidence_text = EXCLUDED.evidence_text;
INSERT INTO skolske_obvody.verdicts (
  id, district_id, condition_code, value, confidence, data_completeness,
  provenance, methodology, is_illustrative, is_proxy, is_mock,
  dataset_version, methodology_version, engine_version, computed_at,
  evidence_text, evidence_refs
) VALUES (
  '8e390139-3bd0-5d83-ad9a-a5feaeee4d91', 'ec7bf512-508e-5310-b933-5e90343f42a6', 'S3', 'PASS',
  0.8, 0.9,
  '{"source": "https://slov-lex.sk/pravne-predpisy/SK/ZZ/2003/596", "fetched_at": "2026-06-24T10:00:00Z"}'::jsonb,
  '{"rule": "S3 methodology rule"}'::jsonb,
  FALSE, FALSE, FALSE,
  'seed_sprint_c', '0.1', 'seed_sprint_c_v1',
  NOW(),
  $seed$Toto je čistý dôkaz bez citlivých údajov.$seed$,
  '[]'::jsonb
) ON CONFLICT (district_id, condition_code, engine_version)
DO UPDATE SET value = EXCLUDED.value, evidence_text = EXCLUDED.evidence_text;
INSERT INTO skolske_obvody.verdicts (
  id, district_id, condition_code, value, confidence, data_completeness,
  provenance, methodology, is_illustrative, is_proxy, is_mock,
  dataset_version, methodology_version, engine_version, computed_at,
  evidence_text, evidence_refs
) VALUES (
  'eed94722-0230-5abc-b880-f548b5bab6ec', 'ec7bf512-508e-5310-b933-5e90343f42a6', 'Pa', 'PASS',
  0.8, 0.9,
  '{"source": "https://slov-lex.sk/pravne-predpisy/SK/ZZ/2003/596", "fetched_at": "2026-06-24T10:00:00Z"}'::jsonb,
  '{"rule": "Pa methodology rule"}'::jsonb,
  FALSE, FALSE, FALSE,
  'seed_sprint_c', '0.1', 'seed_sprint_c_v1',
  NOW(),
  $seed$Toto je čistý dôkaz bez citlivých údajov.$seed$,
  '[]'::jsonb
) ON CONFLICT (district_id, condition_code, engine_version)
DO UPDATE SET value = EXCLUDED.value, evidence_text = EXCLUDED.evidence_text;
INSERT INTO skolske_obvody.verdicts (
  id, district_id, condition_code, value, confidence, data_completeness,
  provenance, methodology, is_illustrative, is_proxy, is_mock,
  dataset_version, methodology_version, engine_version, computed_at,
  evidence_text, evidence_refs
) VALUES (
  '80f7bc6c-2202-548c-b468-74cfc9eb07f8', 'ec7bf512-508e-5310-b933-5e90343f42a6', 'Pb', 'PASS',
  0.8, 0.9,
  '{"source": "https://slov-lex.sk/pravne-predpisy/SK/ZZ/2003/596", "fetched_at": "2026-06-24T10:00:00Z"}'::jsonb,
  '{"rule": "Pb methodology rule"}'::jsonb,
  FALSE, FALSE, FALSE,
  'seed_sprint_c', '0.1', 'seed_sprint_c_v1',
  NOW(),
  $seed$Toto je čistý dôkaz bez citlivých údajov.$seed$,
  '[]'::jsonb
) ON CONFLICT (district_id, condition_code, engine_version)
DO UPDATE SET value = EXCLUDED.value, evidence_text = EXCLUDED.evidence_text;
INSERT INTO skolske_obvody.verdicts (
  id, district_id, condition_code, value, confidence, data_completeness,
  provenance, methodology, is_illustrative, is_proxy, is_mock,
  dataset_version, methodology_version, engine_version, computed_at,
  evidence_text, evidence_refs
) VALUES (
  '7c597018-be64-5521-a4a8-433cd865e211', 'ec7bf512-508e-5310-b933-5e90343f42a6', 'Pc', 'PASS',
  0.8, 0.9,
  '{"source": "https://slov-lex.sk/pravne-predpisy/SK/ZZ/2003/596", "fetched_at": "2026-06-24T10:00:00Z"}'::jsonb,
  '{"rule": "Pc methodology rule"}'::jsonb,
  FALSE, FALSE, FALSE,
  'seed_sprint_c', '0.1', 'seed_sprint_c_v1',
  NOW(),
  $seed$Toto je čistý dôkaz bez citlivých údajov.$seed$,
  '[]'::jsonb
) ON CONFLICT (district_id, condition_code, engine_version)
DO UPDATE SET value = EXCLUDED.value, evidence_text = EXCLUDED.evidence_text;
INSERT INTO skolske_obvody.verdicts (
  id, district_id, condition_code, value, confidence, data_completeness,
  provenance, methodology, is_illustrative, is_proxy, is_mock,
  dataset_version, methodology_version, engine_version, computed_at,
  evidence_text, evidence_refs
) VALUES (
  '2bb1e359-3784-5414-9357-172d9d194e27', 'ec7bf512-508e-5310-b933-5e90343f42a6', 'Pd', 'PASS',
  0.8, 0.9,
  '{"source": "https://slov-lex.sk/pravne-predpisy/SK/ZZ/2003/596", "fetched_at": "2026-06-24T10:00:00Z"}'::jsonb,
  '{"rule": "Pd methodology rule"}'::jsonb,
  FALSE, FALSE, FALSE,
  'seed_sprint_c', '0.1', 'seed_sprint_c_v1',
  NOW(),
  $seed$Toto je čistý dôkaz bez citlivých údajov.$seed$,
  '[]'::jsonb
) ON CONFLICT (district_id, condition_code, engine_version)
DO UPDATE SET value = EXCLUDED.value, evidence_text = EXCLUDED.evidence_text;
INSERT INTO skolske_obvody.verdicts (
  id, district_id, condition_code, value, confidence, data_completeness,
  provenance, methodology, is_illustrative, is_proxy, is_mock,
  dataset_version, methodology_version, engine_version, computed_at,
  evidence_text, evidence_refs
) VALUES (
  'd83b22a9-0f48-5392-ad46-042e28178575', 'ec7bf512-508e-5310-b933-5e90343f42a6', 'Pe', 'SIGNAL',
  0.8, 0.9,
  '{"source": "https://slov-lex.sk/pravne-predpisy/SK/ZZ/2003/596", "fetched_at": "2026-06-24T10:00:00Z"}'::jsonb,
  '{"rule": "Pe methodology rule"}'::jsonb,
  FALSE, FALSE, FALSE,
  'seed_sprint_c', '0.1', 'seed_sprint_c_v1',
  NOW(),
  $seed$Toto je čistý dôkaz bez citlivých údajov.$seed$,
  '[]'::jsonb
) ON CONFLICT (district_id, condition_code, engine_version)
DO UPDATE SET value = EXCLUDED.value, evidence_text = EXCLUDED.evidence_text;
INSERT INTO skolske_obvody.verdicts (
  id, district_id, condition_code, value, confidence, data_completeness,
  provenance, methodology, is_illustrative, is_proxy, is_mock,
  dataset_version, methodology_version, engine_version, computed_at,
  evidence_text, evidence_refs
) VALUES (
  'db4a40f7-22c3-5683-a2a5-938414b20b37', 'ec7bf512-508e-5310-b933-5e90343f42a6', 'Pf', 'NOT_EVALUATED',
  0.8, 0.9,
  '{"source": "https://slov-lex.sk/pravne-predpisy/SK/ZZ/2003/596", "fetched_at": "2026-06-24T10:00:00Z"}'::jsonb,
  '{"rule": "Pf methodology rule"}'::jsonb,
  FALSE, FALSE, FALSE,
  'seed_sprint_c', '0.1', 'seed_sprint_c_v1',
  NOW(),
  $seed$Toto je čistý dôkaz bez citlivých údajov.$seed$,
  '[]'::jsonb
) ON CONFLICT (district_id, condition_code, engine_version)
DO UPDATE SET value = EXCLUDED.value, evidence_text = EXCLUDED.evidence_text;
INSERT INTO skolske_obvody.verdicts (
  id, district_id, condition_code, value, confidence, data_completeness,
  provenance, methodology, is_illustrative, is_proxy, is_mock,
  dataset_version, methodology_version, engine_version, computed_at,
  evidence_text, evidence_refs
) VALUES (
  '29859725-b0a9-5d37-b04e-3f70ccb69b5f', 'b4399e84-d543-5129-9751-3589d4e12f12', 'S1', 'PASS',
  0.8, 0.9,
  '{"source": "https://slov-lex.sk/pravne-predpisy/SK/ZZ/2003/596", "fetched_at": "2026-06-24T10:00:00Z"}'::jsonb,
  '{"rule": "S1 methodology rule"}'::jsonb,
  FALSE, FALSE, FALSE,
  'seed_sprint_c', '0.1', 'seed_sprint_c_v1',
  NOW(),
  $seed$Toto je čistý dôkaz bez citlivých údajov.$seed$,
  '[]'::jsonb
) ON CONFLICT (district_id, condition_code, engine_version)
DO UPDATE SET value = EXCLUDED.value, evidence_text = EXCLUDED.evidence_text;
INSERT INTO skolske_obvody.verdicts (
  id, district_id, condition_code, value, confidence, data_completeness,
  provenance, methodology, is_illustrative, is_proxy, is_mock,
  dataset_version, methodology_version, engine_version, computed_at,
  evidence_text, evidence_refs
) VALUES (
  'b872739b-fd7b-5027-a923-17318d48b615', 'b4399e84-d543-5129-9751-3589d4e12f12', 'S2', 'PASS',
  0.8, 0.9,
  '{"source": "https://slov-lex.sk/pravne-predpisy/SK/ZZ/2003/596", "fetched_at": "2026-06-24T10:00:00Z"}'::jsonb,
  '{"rule": "S2 methodology rule"}'::jsonb,
  FALSE, FALSE, FALSE,
  'seed_sprint_c', '0.1', 'seed_sprint_c_v1',
  NOW(),
  $seed$Toto je čistý dôkaz bez citlivých údajov.$seed$,
  '[]'::jsonb
) ON CONFLICT (district_id, condition_code, engine_version)
DO UPDATE SET value = EXCLUDED.value, evidence_text = EXCLUDED.evidence_text;
INSERT INTO skolske_obvody.verdicts (
  id, district_id, condition_code, value, confidence, data_completeness,
  provenance, methodology, is_illustrative, is_proxy, is_mock,
  dataset_version, methodology_version, engine_version, computed_at,
  evidence_text, evidence_refs
) VALUES (
  'a0c6e2c5-41ea-5449-a1e9-1d88a09a0ae4', 'b4399e84-d543-5129-9751-3589d4e12f12', 'S3', 'PASS',
  0.8, 0.9,
  '{"source": "https://slov-lex.sk/pravne-predpisy/SK/ZZ/2003/596", "fetched_at": "2026-06-24T10:00:00Z"}'::jsonb,
  '{"rule": "S3 methodology rule"}'::jsonb,
  FALSE, FALSE, FALSE,
  'seed_sprint_c', '0.1', 'seed_sprint_c_v1',
  NOW(),
  $seed$Toto je čistý dôkaz bez citlivých údajov.$seed$,
  '[]'::jsonb
) ON CONFLICT (district_id, condition_code, engine_version)
DO UPDATE SET value = EXCLUDED.value, evidence_text = EXCLUDED.evidence_text;
INSERT INTO skolske_obvody.verdicts (
  id, district_id, condition_code, value, confidence, data_completeness,
  provenance, methodology, is_illustrative, is_proxy, is_mock,
  dataset_version, methodology_version, engine_version, computed_at,
  evidence_text, evidence_refs
) VALUES (
  '6b55b903-6575-5846-bc9c-3db6f72a9a8e', 'b4399e84-d543-5129-9751-3589d4e12f12', 'Pa', 'INSUFFICIENT_DATA',
  0.8, 0.9,
  '{"source": "https://slov-lex.sk/pravne-predpisy/SK/ZZ/2003/596", "fetched_at": "2026-06-24T10:00:00Z"}'::jsonb,
  '{"rule": "Pa methodology rule"}'::jsonb,
  FALSE, FALSE, FALSE,
  'seed_sprint_c', '0.1', 'seed_sprint_c_v1',
  NOW(),
  $seed$Toto je čistý dôkaz bez citlivých údajov.$seed$,
  '[]'::jsonb
) ON CONFLICT (district_id, condition_code, engine_version)
DO UPDATE SET value = EXCLUDED.value, evidence_text = EXCLUDED.evidence_text;
INSERT INTO skolske_obvody.verdicts (
  id, district_id, condition_code, value, confidence, data_completeness,
  provenance, methodology, is_illustrative, is_proxy, is_mock,
  dataset_version, methodology_version, engine_version, computed_at,
  evidence_text, evidence_refs
) VALUES (
  '4f7878db-c7a5-5b0f-bcf7-947cad3c6d01', 'b4399e84-d543-5129-9751-3589d4e12f12', 'Pb', 'PASS',
  0.8, 0.9,
  '{"source": "https://slov-lex.sk/pravne-predpisy/SK/ZZ/2003/596", "fetched_at": "2026-06-24T10:00:00Z"}'::jsonb,
  '{"rule": "Pb methodology rule"}'::jsonb,
  FALSE, FALSE, FALSE,
  'seed_sprint_c', '0.1', 'seed_sprint_c_v1',
  NOW(),
  $seed$Toto je čistý dôkaz bez citlivých údajov.$seed$,
  '[]'::jsonb
) ON CONFLICT (district_id, condition_code, engine_version)
DO UPDATE SET value = EXCLUDED.value, evidence_text = EXCLUDED.evidence_text;
INSERT INTO skolske_obvody.verdicts (
  id, district_id, condition_code, value, confidence, data_completeness,
  provenance, methodology, is_illustrative, is_proxy, is_mock,
  dataset_version, methodology_version, engine_version, computed_at,
  evidence_text, evidence_refs
) VALUES (
  'cae8f6be-184b-541e-b2b2-10d8fa2dbc95', 'b4399e84-d543-5129-9751-3589d4e12f12', 'Pc', 'PASS',
  0.8, 0.9,
  '{"source": "https://slov-lex.sk/pravne-predpisy/SK/ZZ/2003/596", "fetched_at": "2026-06-24T10:00:00Z"}'::jsonb,
  '{"rule": "Pc methodology rule"}'::jsonb,
  FALSE, FALSE, FALSE,
  'seed_sprint_c', '0.1', 'seed_sprint_c_v1',
  NOW(),
  $seed$Toto je čistý dôkaz bez citlivých údajov.$seed$,
  '[]'::jsonb
) ON CONFLICT (district_id, condition_code, engine_version)
DO UPDATE SET value = EXCLUDED.value, evidence_text = EXCLUDED.evidence_text;
INSERT INTO skolske_obvody.verdicts (
  id, district_id, condition_code, value, confidence, data_completeness,
  provenance, methodology, is_illustrative, is_proxy, is_mock,
  dataset_version, methodology_version, engine_version, computed_at,
  evidence_text, evidence_refs
) VALUES (
  '0e9fe9c6-4ce1-55f0-be5f-bc5b664be113', 'b4399e84-d543-5129-9751-3589d4e12f12', 'Pd', 'PASS',
  0.8, 0.9,
  '{"source": "https://slov-lex.sk/pravne-predpisy/SK/ZZ/2003/596", "fetched_at": "2026-06-24T10:00:00Z"}'::jsonb,
  '{"rule": "Pd methodology rule"}'::jsonb,
  FALSE, FALSE, FALSE,
  'seed_sprint_c', '0.1', 'seed_sprint_c_v1',
  NOW(),
  $seed$Toto je čistý dôkaz bez citlivých údajov.$seed$,
  '[]'::jsonb
) ON CONFLICT (district_id, condition_code, engine_version)
DO UPDATE SET value = EXCLUDED.value, evidence_text = EXCLUDED.evidence_text;
INSERT INTO skolske_obvody.verdicts (
  id, district_id, condition_code, value, confidence, data_completeness,
  provenance, methodology, is_illustrative, is_proxy, is_mock,
  dataset_version, methodology_version, engine_version, computed_at,
  evidence_text, evidence_refs
) VALUES (
  'e9318b2c-5340-5405-9224-7ccb6e53d32b', 'b4399e84-d543-5129-9751-3589d4e12f12', 'Pe', 'PASS',
  0.8, 0.9,
  '{"source": "https://slov-lex.sk/pravne-predpisy/SK/ZZ/2003/596", "fetched_at": "2026-06-24T10:00:00Z"}'::jsonb,
  '{"rule": "Pe methodology rule"}'::jsonb,
  FALSE, FALSE, FALSE,
  'seed_sprint_c', '0.1', 'seed_sprint_c_v1',
  NOW(),
  $seed$Toto je čistý dôkaz bez citlivých údajov.$seed$,
  '[]'::jsonb
) ON CONFLICT (district_id, condition_code, engine_version)
DO UPDATE SET value = EXCLUDED.value, evidence_text = EXCLUDED.evidence_text;
INSERT INTO skolske_obvody.verdicts (
  id, district_id, condition_code, value, confidence, data_completeness,
  provenance, methodology, is_illustrative, is_proxy, is_mock,
  dataset_version, methodology_version, engine_version, computed_at,
  evidence_text, evidence_refs
) VALUES (
  '6a933831-4384-5305-a75d-d9beb6200002', 'b4399e84-d543-5129-9751-3589d4e12f12', 'Pf', 'PASS',
  0.8, 0.9,
  '{"source": "https://slov-lex.sk/pravne-predpisy/SK/ZZ/2003/596", "fetched_at": "2026-06-24T10:00:00Z"}'::jsonb,
  '{"rule": "Pf methodology rule"}'::jsonb,
  FALSE, FALSE, FALSE,
  'seed_sprint_c', '0.1', 'seed_sprint_c_v1',
  NOW(),
  $seed$Toto je čistý dôkaz bez citlivých údajov.$seed$,
  '[]'::jsonb
) ON CONFLICT (district_id, condition_code, engine_version)
DO UPDATE SET value = EXCLUDED.value, evidence_text = EXCLUDED.evidence_text;

-- Košice verdict (scope isolation canary)
INSERT INTO skolske_obvody.verdicts (
  id, district_id, condition_code, value, confidence, data_completeness,
  provenance, methodology, is_illustrative, is_proxy, is_mock,
  dataset_version, methodology_version, engine_version, computed_at,
  evidence_text, evidence_refs
) VALUES (
  '4d30f986-4eeb-52a1-beee-fdff70bc0d63', '6cdd3f30-7446-5b7e-8738-cfc760d56277', 'S1', 'PASS',
  0.8, 0.9,
  '{"source": "https://kosice.sk/data"}'::jsonb,
  '{"rule": "S1 methodology rule"}'::jsonb,
  FALSE, FALSE, FALSE,
  'seed_sprint_c', '0.1', 'seed_sprint_c_v1',
  NOW(),
  $seed$Košice canary verdict$seed$,
  '[]'::jsonb
) ON CONFLICT (district_id, condition_code, engine_version) DO UPDATE SET value = EXCLUDED.value;

-- Findings (sample for first Prešov district)
INSERT INTO skolske_obvody.findings (
  id, verdict_id, district_id, municipality_id, condition_code,
  severity, status, evidence_text, engine_version, created_at
) VALUES (
  'e4b73d6b-ea3e-5c08-90ab-b115f60cf960', '55af89ba-1cb8-56f4-b345-d1c9252a9caa', '09c36255-5f36-5d04-94cc-65eb6cc648ed', '88fb2fb4-6feb-5e12-be53-64cc5c82e67d',
  'S1', 'medium', 'open',
  $seed$Kontakt: jan.novak@mestopresov.sk, tel: +421 905 123 456, RČ: 900101/1234. Obvod spĺňa podmienky § 44.$seed$,
  'seed_sprint_c_v1', NOW()
) ON CONFLICT (district_id, condition_code, engine_version)
DO UPDATE SET evidence_text = EXCLUDED.evidence_text;

-- Košice finding (scope isolation canary)
INSERT INTO skolske_obvody.findings (
  id, verdict_id, district_id, municipality_id, condition_code,
  severity, status, evidence_text, engine_version, created_at
) VALUES (
  '3f09e4a7-107e-5a8b-88ef-7e1325da20f6', '4d30f986-4eeb-52a1-beee-fdff70bc0d63', '6cdd3f30-7446-5b7e-8738-cfc760d56277', '290c61a8-6e14-5019-a673-e7cddf39da18',
  'S1', 'info', 'open',
  $seed$Košice canary finding$seed$,
  'seed_sprint_c_v1', NOW()
) ON CONFLICT (district_id, condition_code, engine_version) DO UPDATE SET evidence_text = EXCLUDED.evidence_text;

COMMIT;

-- Seed constants (for test assertions):
-- PRESOV_MUN_ID = '88fb2fb4-6feb-5e12-be53-64cc5c82e67d'
-- KOSICE_MUN_ID = '290c61a8-6e14-5019-a673-e7cddf39da18'
-- ENGINE_VERSION = 'seed_sprint_c_v1'
-- Total presov districts seeded: 22
-- Total presov verdicts seeded: ~81
